{
    "variants": {
        "snowy=false": [
            { "model": "grass_normal", "weight": 100 },
            { "model": "grass_1_1", "weight": 100 },
            { "model": "grass_1_2", "weight": 100 },
            { "model": "grass_1_3", "weight": 100 },
            { "model": "grass_2_1", "weight": 100 },
            { "model": "grass_2_2", "weight": 100 },
            { "model": "grass_2_3", "weight": 100 },
            { "model": "grass_3_1", "weight": 100 },
            { "model": "grass_3_2", "weight": 100 },
            { "model": "grass_3_3", "weight": 100 },
            { "model": "grass_4_1", "weight": 100 },
            { "model": "grass_4_2", "weight": 100 },
            { "model": "grass_4_3", "weight": 100 },
            { "model": "grass_5_1", "weight": 100 },
            { "model": "grass_5_2", "weight": 100 },
            { "model": "grass_5_3", "weight": 100 },
            { "model": "grass_6_1", "weight": 100 },
            { "model": "grass_6_2", "weight": 100 },
            { "model": "grass_6_3", "weight": 100 },
            { "model": "grass_7_1", "weight": 100 },
            { "model": "grass_7_2", "weight": 100 },
            { "model": "grass_7_3", "weight": 100 },
            { "model": "grass_8_1", "weight": 100 },
            { "model": "grass_8_2", "weight": 100 },
            { "model": "grass_8_3", "weight": 100 }
           
        ],
        "snowy=true":  { "model": "grass_snowed" }
    }
}
