{
"__comment": "Designed by Filmjolk",
"textures": {
    "particle": "blocks/door_birch_lower",
    "texture": "blocks/door_birch_lower"
},
"elements": [ 
{
    "from": [ 0.5, 10.5, 7.5 ],
    "to": [ 2.5, 16, 8.5 ],
    "faces": {
        "north": { "uv": [ 13.5, 0, 15.5, 5.5 ], "texture": "#texture" },
        "south": { "uv": [ 0.5, 0, 2.5, 5.5 ], "texture": "#texture" },
        "west":  { "uv": [ 7.5, 0, 8.5, 5.5 ], "texture": "#texture" },
        "east":  { "uv": [ 8.5, 0, 7.5, 5.5 ], "texture": "#texture" }
    }
},
{
    "from": [ 0, 10.5, 12.5 ],
    "to": [ 3, 16, 16 ],
    "faces": {
        "north": { "uv": [ 13, 0, 16, 5.5 ], "texture": "#texture" },
        "south": { "uv": [ 0, 0, 3, 5.5 ], "texture": "#texture" },
        "west":  { "uv": [ 12.5, 0, 16, 5.5 ], "texture": "#texture" },
        "east":  { "uv": [ 16, 0, 12.5, 5.5 ], "texture": "#texture" }
    }
},
{
    "from": [ 0, 10.5, 0 ],
    "to": [ 3, 16, 3.5 ],
    "faces": {
        "north": { "uv": [ 13, 0, 16, 5.5 ], "texture": "#texture" },
        "south": { "uv": [ 0, 0, 3, 5.5 ], "texture": "#texture" },
        "west":  { "uv": [ 0, 0, 3.5, 5.5 ], "texture": "#texture" },
        "east":  { "uv": [ 3.5, 0, 0, 5.5 ], "texture": "#texture" }
    }
},
{
    "from": [ 0, 0, 0 ],
    "to": [ 3, 10.5, 16 ],
    "faces": {
        "down":  { "uv": [ 0, 16, 3, 0 ], "texture": "#texture" },
        "up":    { "uv": [ 0, 0, 3, 16 ], "texture": "#texture" },
        "north": { "uv": [ 13, 5.5, 16, 16 ], "texture": "#texture" },
        "south": { "uv": [ 0, 5.5, 3, 16 ], "texture": "#texture" },
        "west":  { "uv": [ 0, 5.5, 16, 16 ], "texture": "#texture" },
        "east":  { "uv": [ 16, 5.5, 0, 16 ], "texture": "#texture" }
    }
}
]
}