{
"__comment": "Designed by Filmjolk",
"ambientocclusion": false,
"textures": {
    "particle": "blocks/brick",
    "texture": "blocks/brick"
},
"elements": [ 
{
    "from": [ 0, 0, 0 ],
    "to": [ 16, 16, 16 ],
    "faces": {
        "down":  { "uv": [ 0, 16, 16, 0 ], "texture": "#texture", "cullface": "down" },
        "up":    { "uv": [ 0, 0, 16, 16 ], "texture": "#texture", "cullface": "up" },
        "north": { "uv": [ 0, 0, 16, 16 ], "texture": "#texture", "cullface": "north" },
        "south": { "uv": [ 0, 0, 16, 16 ], "texture": "#texture", "cullface": "south" },
        "west":  { "uv": [ 0, 0, 16, 16 ], "texture": "#texture", "cullface": "west" },
        "east":  { "uv": [ 0, 0, 16, 16 ], "texture": "#texture", "cullface": "east" }
    }
},
{
    "from": [ -0.5, 13, 1.5 ],
    "to": [ 0, 15.98, 8.5 ],
    "faces": {
        "down":  { "uv": [ 1.5, 3, 8.5, 2.5 ], "rotation": 90, "texture": "#texture", "cullface": "west" },
        "up":    { "uv": [ 1.5, 0.5, 8.5, 1 ], "rotation": 90, "texture": "#texture", "cullface": "west" },
        "north": { "uv": [ 16, 0, 16, 3 ], "texture": "#texture", "cullface": "west" },
        "south": { "uv": [ 0, 0, 0, 3 ], "texture": "#texture", "cullface": "west" },
        "west":  { "uv": [ 1.5, 0, 8.5, 3 ], "texture": "#texture", "cullface": "west" }
    }
},
{
    "from": [ -0.5, 13, 9.5 ],
    "to": [ 0, 15.98, 15.98 ],
    "faces": {
        "down":  { "uv": [ 9.5, 3, 16, 2.5 ], "texture": "#texture", "cullface": "west" },
        "up":    { "uv": [ 9.5, 0.5, 16, 1 ], "texture": "#texture", "cullface": "west" },
        "north": { "uv": [ 8, 0, 8.5, 3 ], "texture": "#texture", "cullface": "west" },
        "south": { "uv": [ 0, 0, 0, 3 ], "texture": "#texture", "cullface": "west" },
        "west":  { "uv": [ 9.5, 0, 16, 3 ], "texture": "#texture", "cullface": "west" }
    }
},
{
    "from": [ -0.5, 8.5, 0.02 ],
    "to": [ 1, 12.5, 6 ],
    "faces": {
        "down":  { "uv": [ 0, 7.5, 6, 7 ], "rotation": 90, "texture": "#texture", "cullface": "west" },
        "up":    { "uv": [ 0, 4, 6, 4.5 ], "rotation": 90, "texture": "#texture", "cullface": "west" },
        "north": { "uv": [ 14.5, 3.5, 16, 7.5 ], "texture": "#texture", "cullface": "west" },
        "south": { "uv": [ 0, 3.5, 1.5, 7.5 ], "texture": "#texture", "cullface": "west" },
        "west":  { "uv": [ 0, 3.5, 6, 7.5 ], "texture": "#texture", "cullface": "west" },
        "east":  { "uv": [ 10, 3.5, 16, 7.5 ], "texture": "#texture", "cullface": "west" }
    }
},
{
    "from": [ -0.5, 8.5, 7 ],
    "to": [ 0, 12.5, 13.5 ],
    "faces": {
        "down":  { "uv": [ 7, 7.5, 13.5, 7 ], "rotation": 90, "texture": "#texture", "cullface": "west" },
        "up":    { "uv": [ 7, 3.5, 13.5, 4 ], "rotation": 90, "texture": "#texture", "cullface": "west" },
        "north": { "uv": [ 15.5, 3.5, 16, 7.5 ], "texture": "#texture", "cullface": "west" },
        "south": { "uv": [ 0, 3.5, 0.5, 7.5 ], "texture": "#texture", "cullface": "west" },
        "west":  { "uv": [ 7, 3.5, 13.5, 7.5 ], "texture": "#texture", "cullface": "west" }
    }
},
{
    "from": [ -0.5, 4.5, 2.5 ],
    "to": [ 0, 8, 9.5 ],
    "faces": {
        "down":  { "uv": [ 2.5, 11.5, 9.5, 11 ], "rotation": 90, "texture": "#texture", "cullface": "west" },
        "up":    { "uv": [ 2.5, 8.5, 9.5, 9 ], "rotation": 90, "texture": "#texture", "cullface": "west" },
        "north": { "uv": [ 15.5, 8, 16, 11.5 ], "texture": "#texture", "cullface": "west" },
        "south": { "uv": [ 0, 8, 0.5, 11.5 ], "texture": "#texture", "cullface": "west" },
        "west":  { "uv": [ 2.5, 8, 9.5, 11.5 ], "texture": "#texture", "cullface": "west" }
    }
},
{
    "from": [ -0.5, 4.5, 10.5 ],
    "to": [ 1, 8, 15.98 ],
    "faces": {
        "down":  { "uv": [ 10.5, 11.5, 16, 11 ], "rotation": 90, "texture": "#texture", "cullface": "west" },
        "up":    { "uv": [ 10.5, 8.5, 16, 9 ], "rotation": 90, "texture": "#texture", "cullface": "west" },
        "north": { "uv": [ 14.5, 8, 16, 11.5 ], "texture": "#texture", "cullface": "west" },
        "south": { "uv": [ 0, 8, 1.5, 11.5 ], "texture": "#texture", "cullface": "west" },
        "west":  { "uv": [ 10.5, 8, 16, 11.5 ], "texture": "#texture", "cullface": "west" },
        "east":  { "uv": [ 0, 8, 5.5, 11.5 ], "texture": "#texture", "cullface": "west" }
    }
},
{
    "from": [ -0.5, 0.5, 5 ],
    "to": [ 0, 4, 12 ],
    "faces": {
        "down":  { "uv": [ 5, 15.5, 12, 15 ], "rotation": 90, "texture": "#texture", "cullface": "west" },
        "up":    { "uv": [ 5, 12.5, 12, 13 ], "rotation": 90, "texture": "#texture", "cullface": "west" },
        "north": { "uv": [ 15.5, 12, 16, 15.5 ], "texture": "#texture", "cullface": "west" },
        "south": { "uv": [ 0, 12, 0.5, 15.5 ], "texture": "#texture", "cullface": "west" },
        "west":  { "uv": [ 5, 12, 12, 15.5 ], "texture": "#texture", "cullface": "west" }
    }
},
{
    "from": [ -0.5, 0.5, 12.5 ],
    "to": [ 3, 4, 15.98 ],
    "faces": {
        "down":  { "uv": [ 12.5, 15.5, 16, 15 ], "texture": "#texture", "cullface": "west" },
        "up":    { "uv": [ 12.5, 12.5, 16, 13 ], "texture": "#texture", "cullface": "west" },
        "north": { "uv": [ 13, 12, 16, 15.5 ], "texture": "#texture", "cullface": "west" },
        "south": { "uv": [ 0, 12, 3, 15.5 ], "texture": "#texture", "cullface": "west" },
        "west":  { "uv": [ 12.5, 12, 16, 15.5 ], "texture": "#texture", "cullface": "west" },
        "east":  { "uv": [ 0, 12, 3.5, 15.5 ], "texture": "#texture", "cullface": "west" }
    }
},
{
    "from": [ -0.5, 4.5, 0.02 ],
    "to": [ 0, 8, 1.5 ],
    "faces": {
        "down":  { "uv": [ 0, 11.5, 1.5, 11 ], "rotation": 90, "texture": "#texture", "cullface": "west" },
        "up":    { "uv": [ 0, 8, 1.5, 8.5 ], "rotation": 90, "texture": "#texture", "cullface": "west" },
        "north": { "uv": [ 15.5, 8, 16, 11.5 ], "texture": "#texture", "cullface": "west" },
        "south": { "uv": [ 0, 8, 0.5, 11.5 ], "texture": "#texture", "cullface": "west" },
        "west":  { "uv": [ 0, 8, 1.5, 11.5 ], "texture": "#texture", "cullface": "west" }
    }
},
{
    "from": [ -0.5, 0.5, 0.02 ],
    "to": [ 3, 4, 4.5 ],
    "faces": {
        "down":  { "uv": [ 0, 15.5, 4.5, 15 ], "texture": "#texture", "cullface": "west" },
        "up":    { "uv": [ 0, 12.5, 4.5, 13 ], "texture": "#texture", "cullface": "west" },
        "north": { "uv": [ 13, 12, 16, 15.5 ], "texture": "#texture", "cullface": "west" },
        "south": { "uv": [ 0, 12, 3, 15.5 ], "texture": "#texture", "cullface": "west" },
        "west":  { "uv": [ 0, 12, 4.5, 15.5 ], "texture": "#texture", "cullface": "west" },
        "east":  { "uv": [ 11.5, 12, 16, 15.5 ], "texture": "#texture", "cullface": "west" }
    }
},
{
    "from": [ -0.5, 8.5, 14.5 ],
    "to": [ 3, 12.5, 15.98 ],
    "faces": {
        "down":  { "uv": [ 14.5, 7.5, 16, 7 ], "texture": "#texture", "cullface": "west" },
        "up":    { "uv": [ 14.5, 4, 16, 4.5 ], "texture": "#texture", "cullface": "west" },
        "north": { "uv": [ 13, 3.5, 16, 7.5 ], "texture": "#texture", "cullface": "west" },
        "south": { "uv": [ 0, 3.5, 3, 7.5 ], "texture": "#texture", "cullface": "west" },
        "west":  { "uv": [ 14.5, 3.5, 16, 7.5 ], "texture": "#texture", "cullface": "west" },
        "east":  { "uv": [ 0, 3.5, 1.5, 7.5 ], "texture": "#texture", "cullface": "west" }
    }
},
{
    "from": [ -0.5, 13, 0.02 ],
    "to": [ 0, 15.98, 0.5 ],
    "faces": {
        "down":  { "uv": [ 0, 0.5, 0, 0 ], "texture": "#texture", "cullface": "west" },
        "up":    { "uv": [ 0, 0, 0, 0.5 ], "texture": "#texture", "cullface": "west" },
        "north": { "uv": [ 16, 0, 16, 3 ], "texture": "#texture", "cullface": "west" },
        "south": { "uv": [ 0, 0, 0, 3 ], "texture": "#texture", "cullface": "west" },
        "west":  { "uv": [ 0, 0, 0.5, 3 ], "texture": "#texture", "cullface": "west" }
    }
},
{
    "from": [ 1.5, 13, 16 ],
    "to": [ 8.5, 15.98, 16.5 ],
    "faces": {
        "down":  { "uv": [ 0, 7.5, 6, 7 ], "rotation": 180, "texture": "#texture", "cullface": "south" },
        "up":    { "uv": [ 0, 4, 6, 4.5 ], "texture": "#texture", "cullface": "south" },
        "south": { "uv": [ 1.5, 0, 8.5, 3 ], "texture": "#texture", "cullface": "south" },
        "west":  { "uv": [ 16, 0, 16, 3 ], "texture": "#texture", "cullface": "south" },
        "east":  { "uv": [ 0, 0, 0, 3 ], "texture": "#texture", "cullface": "south" }
    }
},
{
    "from": [ 9.5, 13, 16 ],
    "to": [ 15.98, 15.98, 16.5 ],
    "faces": {
        "down":  { "uv": [ 0, 7.5, 6, 7 ], "rotation": 180, "texture": "#texture", "cullface": "south" },
        "up":    { "uv": [ 0, 4, 6, 4.5 ], "texture": "#texture", "cullface": "south" },
        "south": { "uv": [ 9.5, 0, 16, 3 ], "texture": "#texture", "cullface": "south" },
        "west":  { "uv": [ 16, 0, 16, 3 ], "texture": "#texture", "cullface": "south" },
        "east":  { "uv": [ 0, 0, 0, 3 ], "texture": "#texture", "cullface": "south" }
    }
},
{
    "from": [ 0.02, 8.5, 15 ],
    "to": [ 6, 12.5, 16.5 ],
    "faces": {
        "down":  { "uv": [ 0, 7.5, 6, 7 ], "rotation": 180, "texture": "#texture", "cullface": "south" },
        "up":    { "uv": [ 0, 4, 6, 4.5 ], "texture": "#texture", "cullface": "south" },
        "north": { "uv": [ 10, 3.5, 16, 7.5 ], "texture": "#texture", "cullface": "south" },
        "south": { "uv": [ 0, 3.5, 6, 7.5 ], "texture": "#texture", "cullface": "south" },
        "west":  { "uv": [ 14.5, 3.5, 16, 7.5 ], "texture": "#texture", "cullface": "south" },
        "east":  { "uv": [ 0, 3.5, 1.5, 7.5 ], "texture": "#texture", "cullface": "south" }
    }
},
{
    "from": [ 7, 8.5, 16 ],
    "to": [ 13.5, 12.5, 16.5 ],
    "faces": {
        "down":  { "uv": [ 7, 7.5, 13.5, 7 ], "rotation": 180, "texture": "#texture", "cullface": "south" },
        "up":    { "uv": [ 7, 3.5, 13.5, 4 ], "texture": "#texture", "cullface": "south" },
        "south": { "uv": [ 7, 3.5, 13.5, 7.5 ], "texture": "#texture", "cullface": "south" },
        "west":  { "uv": [ 15.5, 3.5, 16, 7.5 ], "texture": "#texture", "cullface": "south" },
        "east":  { "uv": [ 0, 3.5, 0.5, 7.5 ], "texture": "#texture", "cullface": "south" }
    }
},
{
    "from": [ 2.5, 4.5, 16 ],
    "to": [ 9.5, 8, 16.5 ],
    "faces": {
        "down":  { "uv": [ 2.5, 11.5, 9.5, 11 ], "rotation": 180, "texture": "#texture", "cullface": "south" },
        "up":    { "uv": [ 2.5, 8.5, 9.5, 9 ], "texture": "#texture", "cullface": "south" },
        "south": { "uv": [ 2.5, 8, 9.5, 11.5 ], "texture": "#texture", "cullface": "south" },
        "west":  { "uv": [ 15.5, 8, 16, 11.5 ], "texture": "#texture", "cullface": "south" },
        "east":  { "uv": [ 0, 8, 0.5, 11.5 ], "texture": "#texture", "cullface": "south" }
    }
},
{
    "from": [ 10.5, 4.5, 15 ],
    "to": [ 15.98, 8, 16.5 ],
    "faces": {
        "down":  { "uv": [ 10.5, 11.5, 16, 11 ], "rotation": 180, "texture": "#texture", "cullface": "south" },
        "up":    { "uv": [ 10.5, 8.5, 16, 9 ], "texture": "#texture", "cullface": "south" },
        "north": { "uv": [ 0, 8, 5.5, 11.5 ], "texture": "#texture", "cullface": "south" },
        "south": { "uv": [ 10.5, 8, 16, 11.5 ], "texture": "#texture", "cullface": "south" },
        "west":  { "uv": [ 14.5, 8, 16, 11.5 ], "texture": "#texture", "cullface": "south" },
        "east":  { "uv": [ 0, 8, 1.5, 11.5 ], "texture": "#texture", "cullface": "south" }
    }
},
{
    "from": [ 5, 0.5, 16 ],
    "to": [ 12, 4, 16.5 ],
    "faces": {
        "down":  { "uv": [ 5, 15.5, 12, 15 ], "rotation": 180, "texture": "#texture", "cullface": "south" },
        "up":    { "uv": [ 5, 12.5, 12, 13 ], "texture": "#texture", "cullface": "south" },
        "south": { "uv": [ 5, 12, 12, 15.5 ], "texture": "#texture", "cullface": "south" },
        "west":  { "uv": [ 15.5, 12, 16, 15.5 ], "texture": "#texture", "cullface": "south" },
        "east":  { "uv": [ 0, 12, 0.5, 15.5 ], "texture": "#texture", "cullface": "south" }
    }
},
{
    "from": [ 12.5, 0.5, 13 ],
    "to": [ 15.98, 4, 16.5 ],
    "faces": {
        "down":  { "uv": [ 12.5, 15.5, 16, 15 ], "rotation": 90, "texture": "#texture", "cullface": "south" },
        "up":    { "uv": [ 12.5, 12.5, 16, 13 ], "rotation": 270, "texture": "#texture", "cullface": "south" },
        "north": { "uv": [ 0, 12, 3.5, 15.5 ], "texture": "#texture", "cullface": "south" },
        "south": { "uv": [ 12.5, 12, 16, 15.5 ], "texture": "#texture", "cullface": "south" },
        "west":  { "uv": [ 13, 12, 16, 15.5 ], "texture": "#texture", "cullface": "south" },
        "east":  { "uv": [ 0, 12, 3, 15.5 ], "texture": "#texture", "cullface": "south" }
    }
},
{
    "from": [ 0.02, 4.5, 16 ],
    "to": [ 1.5, 8, 16.5 ],
    "faces": {
        "down":  { "uv": [ 0, 11.5, 1.5, 11 ], "rotation": 180, "texture": "#texture", "cullface": "south" },
        "up":    { "uv": [ 0, 8, 1.5, 8.5 ], "texture": "#texture", "cullface": "south" },
        "south": { "uv": [ 0, 8, 1.5, 11.5 ], "texture": "#texture", "cullface": "south" },
        "west":  { "uv": [ 15.5, 8, 16, 11.5 ], "texture": "#texture", "cullface": "south" },
        "east":  { "uv": [ 0, 8, 0.5, 11.5 ], "texture": "#texture", "cullface": "south" }
    }
},
{
    "from": [ 0.02, 0.5, 13 ],
    "to": [ 4.5, 4, 16.5 ],
    "faces": {
        "down":  { "uv": [ 0, 15.5, 4.5, 15 ], "rotation": 90, "texture": "#texture", "cullface": "south" },
        "up":    { "uv": [ 0, 12.5, 4.5, 13 ], "rotation": 270, "texture": "#texture", "cullface": "south" },
        "north": { "uv": [ 11.5, 12, 16, 15.5 ], "texture": "#texture", "cullface": "south" },
        "south": { "uv": [ 0, 12, 4.5, 15.5 ], "texture": "#texture", "cullface": "south" },
        "west":  { "uv": [ 13, 12, 16, 15.5 ], "texture": "#texture", "cullface": "south" },
        "east":  { "uv": [ 0, 12, 3, 15.5 ], "texture": "#texture", "cullface": "south" }
    }
},
{
    "from": [ 14.5, 8.5, 13 ],
    "to": [ 15.98, 12.5, 16.5 ],
    "faces": {
        "down":  { "uv": [ 14.5, 7.5, 16, 7 ], "rotation": 90, "texture": "#texture", "cullface": "south" },
        "up":    { "uv": [ 14.5, 4, 16, 4.5 ], "rotation": 270, "texture": "#texture", "cullface": "south" },
        "north": { "uv": [ 0, 3.5, 1.5, 7.5 ], "texture": "#texture", "cullface": "south" },
        "south": { "uv": [ 14.5, 3.5, 16, 7.5 ], "texture": "#texture", "cullface": "south" },
        "west":  { "uv": [ 13, 3.5, 16, 7.5 ], "texture": "#texture", "cullface": "south" },
        "east":  { "uv": [ 0, 3.5, 3, 7.5 ], "texture": "#texture", "cullface": "south" }
    }
},
{
    "from": [ 0.02, 13, 16 ],
    "to": [ 0.5, 15.98, 16.5 ],
    "faces": {
        "down":  { "uv": [ 0, 16, 0.5, 16 ], "texture": "#texture", "cullface": "south" },
        "up":    { "uv": [ 0, 16, 0.5, 16 ], "texture": "#texture", "cullface": "south" },
        "south": { "uv": [ 0, 0, 0.5, 3 ], "texture": "#texture", "cullface": "south" },
        "west":  { "uv": [ 16, 0, 16, 3 ], "texture": "#texture", "cullface": "south" },
        "east":  { "uv": [ 0, 0, 0, 3 ], "texture": "#texture", "cullface": "south" }
    }
},
{
    "from": [ 16, 13, 7.5 ],
    "to": [ 16.5, 15.98, 14.5 ],
    "faces": {
        "down":  { "uv": [ 1.5, 3, 8.5, 2.5 ], "rotation": 90, "texture": "#texture", "cullface": "east" },
        "up":    { "uv": [ 1.5, 0.5, 8.5, 1 ], "rotation": 90, "texture": "#texture", "cullface": "east" },
        "north": { "uv": [ 0, 0, 0, 3 ], "texture": "#texture", "cullface": "east" },
        "south": { "uv": [ 16, 0, 16, 3 ], "texture": "#texture", "cullface": "east" },
        "east":  { "uv": [ 1.5, 0, 8.5, 3 ], "texture": "#texture", "cullface": "east" }
    }
},
{
    "from": [ 16, 13, 0.02 ],
    "to": [ 16.5, 15.98, 6.5 ],
    "faces": {
        "down":  { "uv": [ 9.5, 3, 16, 2.5 ], "rotation": 90, "texture": "#texture", "cullface": "east" },
        "up":    { "uv": [ 9.5, 0.5, 16, 1 ], "rotation": 90, "texture": "#texture", "cullface": "east" },
        "north": { "uv": [ 0, 0, 0, 3 ], "texture": "#texture", "cullface": "east" },
        "south": { "uv": [ 16, 0, 16, 3 ], "texture": "#texture", "cullface": "east" },
        "east":  { "uv": [ 9.5, 0, 16, 3 ], "texture": "#texture", "cullface": "east" }
    }
},
{
    "from": [ 16, 8.5, 10 ],
    "to": [ 16.5, 12.5, 15.98 ],
    "faces": {
        "down":  { "uv": [ 0, 7.5, 6, 7 ], "rotation": 270, "texture": "#texture", "cullface": "east" },
        "up":    { "uv": [ 0, 4, 6, 4.5 ], "rotation": 270, "texture": "#texture", "cullface": "east" },
        "north": { "uv": [ 0, 3.5, 1.5, 7.5 ], "texture": "#texture", "cullface": "east" },
        "south": { "uv": [ 14.5, 3.5, 16, 7.5 ], "texture": "#texture", "cullface": "east" },
        "west":  { "uv": [ 10, 3.5, 16, 7.5 ], "texture": "#texture", "cullface": "east" },
        "east":  { "uv": [ 0, 3.5, 6, 7.5 ], "texture": "#texture", "cullface": "east" }
    }
},
{
    "from": [ 16, 8.5, 2.5 ],
    "to": [ 16.5, 12.5, 9 ],
    "faces": {
        "down":  { "uv": [ 7, 7.5, 13.5, 7 ], "rotation": 270, "texture": "#texture", "cullface": "east" },
        "up":    { "uv": [ 7, 3.5, 13.5, 4 ], "rotation": 270, "texture": "#texture", "cullface": "east" },
        "north": { "uv": [ 0, 3.5, 0.5, 7.5 ], "texture": "#texture", "cullface": "east" },
        "south": { "uv": [ 15.5, 3.5, 16, 7.5 ], "texture": "#texture", "cullface": "east" },
        "east":  { "uv": [ 7, 3.5, 13.5, 7.5 ], "texture": "#texture", "cullface": "east" }
    }
},
{
    "from": [ 16, 4.5, 6.5 ],
    "to": [ 16.5, 8, 13.5 ],
    "faces": {
        "down":  { "uv": [ 2.5, 11.5, 9.5, 11 ], "rotation": 270, "texture": "#texture", "cullface": "east" },
        "up":    { "uv": [ 2.5, 8.5, 9.5, 9 ], "rotation": 270, "texture": "#texture", "cullface": "east" },
        "north": { "uv": [ 0, 8, 0.5, 11.5 ], "texture": "#texture", "cullface": "east" },
        "south": { "uv": [ 15.5, 8, 16, 11.5 ], "texture": "#texture", "cullface": "east" },
        "east":  { "uv": [ 2.5, 8, 9.5, 11.5 ], "texture": "#texture", "cullface": "east" }
    }
},
{
    "from": [ 16, 4.5, 0.02 ],
    "to": [ 16.5, 8, 5.5 ],
    "faces": {
        "down":  { "uv": [ 10.5, 11.5, 16, 11 ], "rotation": 270, "texture": "#texture", "cullface": "east" },
        "up":    { "uv": [ 10.5, 8.5, 16, 9 ], "rotation": 270, "texture": "#texture", "cullface": "east" },
        "north": { "uv": [ 0, 8, 1.5, 11.5 ], "texture": "#texture", "cullface": "east" },
        "south": { "uv": [ 14.5, 8, 16, 11.5 ], "texture": "#texture", "cullface": "east" },
        "west":  { "uv": [ 0, 8, 5.5, 11.5 ], "texture": "#texture", "cullface": "east" },
        "east":  { "uv": [ 10.5, 8, 16, 11.5 ], "texture": "#texture", "cullface": "east" }
    }
},
{
    "from": [ 16, 0.5, 4 ],
    "to": [ 16.5, 4, 11 ],
    "faces": {
        "down":  { "uv": [ 5, 15.5, 12, 15 ], "rotation": 270, "texture": "#texture", "cullface": "east" },
        "up":    { "uv": [ 5, 12.5, 12, 13 ], "rotation": 270, "texture": "#texture", "cullface": "east" },
        "north": { "uv": [ 0, 12, 0.5, 15.5 ], "texture": "#texture", "cullface": "east" },
        "south": { "uv": [ 15.5, 12, 16, 15.5 ], "texture": "#texture", "cullface": "east" },
        "east":  { "uv": [ 5, 12, 12, 15.5 ], "texture": "#texture", "cullface": "east" }
    }
},
{
    "from": [ 16, 0.5, 0.02 ],
    "to": [ 16.5, 4, 3.5 ],
    "faces": {
        "down":  { "uv": [ 12.5, 15.5, 16, 15 ], "rotation": 180, "texture": "#texture", "cullface": "east" },
        "up":    { "uv": [ 12.5, 12.5, 16, 13 ], "rotation": 180, "texture": "#texture", "cullface": "east" },
        "north": { "uv": [ 0, 12, 3, 15.5 ], "texture": "#texture", "cullface": "east" },
        "south": { "uv": [ 13, 12, 16, 15.5 ], "texture": "#texture", "cullface": "east" },
        "west":  { "uv": [ 0, 12, 3.5, 15.5 ], "texture": "#texture", "cullface": "east" },
        "east":  { "uv": [ 12.5, 12, 16, 15.5 ], "texture": "#texture", "cullface": "east" }
    }
},
{
    "from": [ 16, 4.5, 14.5 ],
    "to": [ 16.5, 8, 15.98 ],
    "faces": {
        "down":  { "uv": [ 0, 11.5, 1.5, 11 ], "rotation": 270, "texture": "#texture", "cullface": "east" },
        "up":    { "uv": [ 0, 8, 1.5, 8.5 ], "rotation": 270, "texture": "#texture", "cullface": "east" },
        "north": { "uv": [ 0, 8, 0.5, 11.5 ], "texture": "#texture", "cullface": "east" },
        "south": { "uv": [ 15.5, 8, 16, 11.5 ], "texture": "#texture", "cullface": "east" },
        "east":  { "uv": [ 0, 8, 1.5, 11.5 ], "texture": "#texture", "cullface": "east" }
    }
},
{
    "from": [ 16, 0.5, 11.5 ],
    "to": [ 16.5, 4, 15.98 ],
    "faces": {
        "down":  { "uv": [ 0, 15.5, 4.5, 15 ], "rotation": 180, "texture": "#texture", "cullface": "east" },
        "up":    { "uv": [ 0, 12.5, 4.5, 13 ], "rotation": 180, "texture": "#texture", "cullface": "east" },
        "north": { "uv": [ 0, 12, 3, 15.5 ], "texture": "#texture", "cullface": "east" },
        "south": { "uv": [ 13, 12, 16, 15.5 ], "texture": "#texture", "cullface": "east" },
        "west":  { "uv": [ 11.5, 12, 16, 15.5 ], "texture": "#texture", "cullface": "east" },
        "east":  { "uv": [ 0, 12, 4.5, 15.5 ], "texture": "#texture", "cullface": "east" }
    }
},
{
    "from": [ 13, 8.5, 0.02 ],
    "to": [ 16.5, 12.5, 1.5 ],
    "faces": {
        "down":  { "uv": [ 14.5, 7.5, 16, 7 ], "rotation": 180, "texture": "#texture", "cullface": "east" },
        "up":    { "uv": [ 14.5, 4, 16, 4.5 ], "rotation": 180, "texture": "#texture", "cullface": "east" },
        "north": { "uv": [ 0, 3.5, 3, 7.5 ], "texture": "#texture", "cullface": "east" },
        "south": { "uv": [ 13, 3.5, 16, 7.5 ], "texture": "#texture", "cullface": "east" },
        "west":  { "uv": [ 0, 3.5, 1.5, 7.5 ], "texture": "#texture", "cullface": "east" },
        "east":  { "uv": [ 14.5, 3.5, 16, 7.5 ], "texture": "#texture", "cullface": "east" }
    }
},
{
    "from": [ 16, 13, 15.5 ],
    "to": [ 16.5, 15.98, 15.98 ],
    "faces": {
        "down":  { "uv": [ 7, 15.5, 7.5, 15 ], "texture": "#texture", "cullface": "east" },
        "up":    { "uv": [ 6.5, 14, 7, 14.5 ], "texture": "#texture", "cullface": "east" },
        "north": { "uv": [ 0, 0, 0, 3 ], "texture": "#texture", "cullface": "east" },
        "south": { "uv": [ 16, 0, 16, 3 ], "texture": "#texture", "cullface": "east" },
        "east":  { "uv": [ 0, 0, 0.5, 3 ], "texture": "#texture", "cullface": "east" }
    }
},
{
    "from": [ 7.5, 13, -0.5 ],
    "to": [ 14.5, 15.98, 0 ],
    "faces": {
        "down":  { "uv": [ 1.5, 2.5, 8.5, 3 ], "texture": "#texture", "cullface": "north" },
        "up":    { "uv": [ 1.5, 0.5, 8.5, 1 ], "texture": "#texture", "cullface": "north" },
        "north": { "uv": [ 1.5, 0, 8.5, 3 ], "texture": "#texture", "cullface": "north" },
        "west":  { "uv": [ 0, 0, 0, 3 ], "texture": "#texture", "cullface": "north" },
        "east":  { "uv": [ 16, 0, 16, 3 ], "texture": "#texture", "cullface": "north" }
    }
},
{
    "from": [ 0.02, 13, -0.5 ],
    "to": [ 6.5, 15.98, 0 ],
    "faces": {
        "down":  { "uv": [ 9.5, 2.5, 16, 3 ], "texture": "#texture", "cullface": "north" },
        "up":    { "uv": [ 9.5, 0.5, 16, 1 ], "texture": "#texture", "cullface": "north" },
        "north": { "uv": [ 9.5, 0, 16, 3 ], "texture": "#texture", "cullface": "north" },
        "west":  { "uv": [ 0, 0, 0, 3 ], "texture": "#texture", "cullface": "north" },
        "east":  { "uv": [ 16, 0, 16, 3 ], "texture": "#texture", "cullface": "north" }
    }
},
{
    "from": [ 10, 8.5, -0.5 ],
    "to": [ 15.98, 12.5, 1 ],
    "faces": {
        "down":  { "uv": [ 0, 7.5, 6, 7 ], "texture": "#texture", "cullface": "north" },
        "up":    { "uv": [ 0, 4, 6, 4.5 ], "rotation": 180, "texture": "#texture", "cullface": "north" },
        "north": { "uv": [ 0, 3.5, 6, 7.5 ], "texture": "#texture", "cullface": "north" },
        "south": { "uv": [ 10, 3.5, 16, 7.5 ], "texture": "#texture", "cullface": "north" },
        "west":  { "uv": [ 0, 3.5, 1.5, 7.5 ], "texture": "#texture", "cullface": "north" },
        "east":  { "uv": [ 14.5, 3.5, 16, 7.5 ], "texture": "#texture", "cullface": "north" }
    }
},
{
    "from": [ 2.5, 8.5, -0.5 ],
    "to": [ 9, 12.5, 0 ],
    "faces": {
        "down":  { "uv": [ 7, 7.5, 13.5, 7 ], "texture": "#texture", "cullface": "north" },
        "up":    { "uv": [ 7, 3.5, 13.5, 4 ], "rotation": 180, "texture": "#texture", "cullface": "north" },
        "north": { "uv": [ 7, 3.5, 13.5, 7.5 ], "texture": "#texture", "cullface": "north" },
        "west":  { "uv": [ 0, 3.5, 0.5, 7.5 ], "texture": "#texture", "cullface": "north" },
        "east":  { "uv": [ 15.5, 3.5, 16, 7.5 ], "texture": "#texture", "cullface": "north" }
    }
},
{
    "from": [ 6.5, 4.5, -0.5 ],
    "to": [ 13.5, 8, 0 ],
    "faces": {
        "down":  { "uv": [ 2.5, 11.5, 9.5, 11 ], "texture": "#texture", "cullface": "north" },
        "up":    { "uv": [ 2.5, 8.5, 9.5, 9 ], "rotation": 180, "texture": "#texture", "cullface": "north" },
        "north": { "uv": [ 2.5, 8, 9.5, 11.5 ], "texture": "#texture", "cullface": "north" },
        "west":  { "uv": [ 0, 8, 0.5, 11.5 ], "texture": "#texture", "cullface": "north" },
        "east":  { "uv": [ 15.5, 8, 16, 11.5 ], "texture": "#texture", "cullface": "north" }
    }
},
{
    "from": [ 0.02, 4.5, -0.5 ],
    "to": [ 5.5, 8, 1 ],
    "faces": {
        "down":  { "uv": [ 10.5, 11.5, 16, 11 ], "texture": "#texture", "cullface": "north" },
        "up":    { "uv": [ 10.5, 8.5, 16, 9 ], "rotation": 180, "texture": "#texture", "cullface": "north" },
        "north": { "uv": [ 10.5, 8, 16, 11.5 ], "texture": "#texture", "cullface": "north" },
        "south": { "uv": [ 0, 8, 5.5, 11.5 ], "texture": "#texture", "cullface": "north" },
        "west":  { "uv": [ 0, 8, 1.5, 11.5 ], "texture": "#texture", "cullface": "north" },
        "east":  { "uv": [ 14.5, 8, 16, 11.5 ], "texture": "#texture", "cullface": "north" }
    }
},
{
    "from": [ 4, 0.5, -0.5 ],
    "to": [ 11, 4, 0 ],
    "faces": {
        "down":  { "uv": [ 5, 15.5, 12, 15 ], "texture": "#texture", "cullface": "north" },
        "up":    { "uv": [ 5, 12.5, 12, 13 ], "rotation": 180, "texture": "#texture", "cullface": "north" },
        "north": { "uv": [ 5, 12, 12, 15.5 ], "texture": "#texture", "cullface": "north" },
        "west":  { "uv": [ 0, 12, 0.5, 15.5 ], "texture": "#texture", "cullface": "north" },
        "east":  { "uv": [ 15.5, 12, 16, 15.5 ], "texture": "#texture", "cullface": "north" }
    }
},
{
    "from": [ 0.02, 0.5, -0.5 ],
    "to": [ 3.5, 4, 3 ],
    "faces": {
        "down":  { "uv": [ 12.5, 15.5, 16, 15 ], "rotation": 270, "texture": "#texture", "cullface": "north" },
        "up":    { "uv": [ 12.5, 12.5, 16, 13 ], "rotation": 90, "texture": "#texture", "cullface": "north" },
        "north": { "uv": [ 12.5, 12, 16, 15.5 ], "texture": "#texture", "cullface": "north" },
        "south": { "uv": [ 0, 12, 3.5, 15.5 ], "texture": "#texture", "cullface": "north" },
        "west":  { "uv": [ 0, 12, 3, 15.5 ], "texture": "#texture", "cullface": "north" },
        "east":  { "uv": [ 13, 12, 16, 15.5 ], "texture": "#texture", "cullface": "north" }
    }
},
{
    "from": [ 14.5, 4.5, -0.5 ],
    "to": [ 15.98, 8, 0 ],
    "faces": {
        "down":  { "uv": [ 0, 11.5, 1.5, 11 ], "texture": "#texture", "cullface": "north" },
        "up":    { "uv": [ 0, 8, 1.5, 8.5 ], "rotation": 180, "texture": "#texture", "cullface": "north" },
        "north": { "uv": [ 0, 8, 1.5, 11.5 ], "texture": "#texture", "cullface": "north" },
        "west":  { "uv": [ 0, 8, 0.5, 11.5 ], "texture": "#texture", "cullface": "north" },
        "east":  { "uv": [ 15.5, 8, 16, 11.5 ], "texture": "#texture", "cullface": "north" }
    }
},
{
    "from": [ 11.5, 0.5, -0.5 ],
    "to": [ 15.98, 4, 3 ],
    "faces": {
        "down":  { "uv": [ 0, 15.5, 4.5, 15 ], "rotation": 270, "texture": "#texture", "cullface": "north" },
        "up":    { "uv": [ 0, 12.5, 4.5, 13 ], "rotation": 90, "texture": "#texture", "cullface": "north" },
        "north": { "uv": [ 0, 12, 4.5, 15.5 ], "texture": "#texture", "cullface": "north" },
        "south": { "uv": [ 11.5, 12, 16, 15.5 ], "texture": "#texture", "cullface": "north" },
        "west":  { "uv": [ 0, 12, 3, 15.5 ], "texture": "#texture", "cullface": "north" },
        "east":  { "uv": [ 13, 12, 16, 15.5 ], "texture": "#texture", "cullface": "north" }
    }
},
{
    "from": [ 0.02, 8.5, -0.5 ],
    "to": [ 1.5, 12.5, 3 ],
    "faces": {
        "down":  { "uv": [ 14.5, 7.5, 16, 7 ], "rotation": 270, "texture": "#texture", "cullface": "north" },
        "up":    { "uv": [ 14.5, 4, 16, 4.5 ], "rotation": 90, "texture": "#texture", "cullface": "north" },
        "north": { "uv": [ 14.5, 3.5, 16, 7.5 ], "texture": "#texture", "cullface": "north" },
        "south": { "uv": [ 0, 3.5, 1.5, 7.5 ], "texture": "#texture", "cullface": "north" },
        "west":  { "uv": [ 0, 3.5, 3, 7.5 ], "texture": "#texture", "cullface": "north" },
        "east":  { "uv": [ 13, 3.5, 16, 7.5 ], "texture": "#texture", "cullface": "north" }
    }
},
{
    "from": [ 15.5, 13, -0.5 ],
    "to": [ 15.98, 15.98, 0 ],
    "faces": {
        "down":  { "uv": [ 15.5, 0, 16, 0 ], "texture": "#texture", "cullface": "north" },
        "up":    { "uv": [ 15.5, 0, 16, 0 ], "texture": "#texture", "cullface": "north" },
        "north": { "uv": [ 0, 0, 0.5, 3 ], "texture": "#texture", "cullface": "north" },
        "west":  { "uv": [ 0, 0, 0, 3 ], "texture": "#texture", "cullface": "north" },
        "east":  { "uv": [ 16, 0, 16, 3 ], "texture": "#texture", "cullface": "north" }
    }
},
{
    "from": [ 0.02, 16, 0.02 ],
    "to": [ 0.5, 16.5, 3 ],
    "faces": {
        "up":    { "uv": [ 0, 0, 0.5, 3 ], "texture": "#texture", "cullface": "up" },
        "north": { "uv": [ 15.5, 0, 16, 0 ], "texture": "#texture", "cullface": "up" },
        "south": { "uv": [ 0, 0, 0.5, 0 ], "texture": "#texture", "cullface": "up" },
        "west":  { "uv": [ 0, 0, 3, 0 ], "texture": "#texture", "cullface": "up" },
        "east":  { "uv": [ 13, 0, 16, 0 ], "texture": "#texture", "cullface": "up" }
    }
},
{
    "from": [ 1.5, 16, 0.02 ],
    "to": [ 8.5, 16.5, 3 ],
    "faces": {
        "up":    { "uv": [ 1.5, 0, 8.5, 3 ], "texture": "#texture", "cullface": "up" },
        "north": { "uv": [ 7.5, 0, 14.5, 0 ], "texture": "#texture", "cullface": "up" },
        "south": { "uv": [ 1.5, 0, 8.5, 0 ], "texture": "#texture", "cullface": "up" },
        "west":  { "uv": [ 0, 0, 3, 0 ], "texture": "#texture", "cullface": "up" },
        "east":  { "uv": [ 13, 0, 16, 0 ], "texture": "#texture", "cullface": "up" }
    }
},
{
    "from": [ 9.5, 16, 0.02 ],
    "to": [ 15.98, 16.5, 3 ],
    "faces": {
        "up":    { "uv": [ 9.5, 0, 16, 3 ], "texture": "#texture", "cullface": "up" },
        "north": { "uv": [ 0, 0, 6.5, 0 ], "texture": "#texture", "cullface": "up" },
        "south": { "uv": [ 9.5, 0, 16, 0 ], "texture": "#texture", "cullface": "up" },
        "west":  { "uv": [ 0, 0, 3, 0 ], "texture": "#texture", "cullface": "up" },
        "east":  { "uv": [ 13, 0, 16, 0 ], "texture": "#texture", "cullface": "up" }
    }
},
{
    "from": [ 0.02, 16, 3.5 ],
    "to": [ 6, 16.5, 7.5 ],
    "faces": {
        "up":    { "uv": [ 0, 3.5, 6, 7.5 ], "texture": "#texture", "cullface": "up" },
        "north": { "uv": [ 10, 0, 16, 0 ], "texture": "#texture", "cullface": "up" },
        "south": { "uv": [ 0, 0, 6, 0 ], "texture": "#texture", "cullface": "up" },
        "west":  { "uv": [ 3.5, 0, 7.5, 0 ], "texture": "#texture", "cullface": "up" },
        "east":  { "uv": [ 8.5, 0, 12.5, 0 ], "texture": "#texture", "cullface": "up" }
    }
},
{
    "from": [ 7, 16, 3.5 ],
    "to": [ 13.5, 16.5, 7.5 ],
    "faces": {
        "up":    { "uv": [ 7, 3.5, 13.5, 7.5 ], "texture": "#texture", "cullface": "up" },
        "north": { "uv": [ 2.5, 0, 9, 0 ], "texture": "#texture", "cullface": "up" },
        "south": { "uv": [ 7, 0, 13.5, 0 ], "texture": "#texture", "cullface": "up" },
        "west":  { "uv": [ 3.5, 0, 7.5, 0 ], "texture": "#texture", "cullface": "up" },
        "east":  { "uv": [ 8.5, 0, 12.5, 0 ], "texture": "#texture", "cullface": "up" }
    }
},
{
    "from": [ 14.5, 16, 3.5 ],
    "to": [ 15.98, 16.5, 7.5 ],
    "faces": {
        "up":    { "uv": [ 14.5, 3.5, 16, 7.5 ], "texture": "#texture", "cullface": "up" },
        "north": { "uv": [ 0, 0, 1.5, 0 ], "texture": "#texture", "cullface": "up" },
        "south": { "uv": [ 14.5, 0, 16, 0 ], "texture": "#texture", "cullface": "up" },
        "west":  { "uv": [ 3.5, 0, 7.5, 0 ], "texture": "#texture", "cullface": "up" },
        "east":  { "uv": [ 8.5, 0, 12.5, 0 ], "texture": "#texture", "cullface": "up" }
    }
},
{
    "from": [ 0.02, 16, 8 ],
    "to": [ 1.5, 16.5, 11.5 ],
    "faces": {
        "up":    { "uv": [ 0, 8, 1.5, 11.5 ], "texture": "#texture", "cullface": "up" },
        "north": { "uv": [ 14.5, 0, 16, 0 ], "texture": "#texture", "cullface": "up" },
        "south": { "uv": [ 0, 0, 1.5, 0 ], "texture": "#texture", "cullface": "up" },
        "west":  { "uv": [ 8, 0, 11.5, 0 ], "texture": "#texture", "cullface": "up" },
        "east":  { "uv": [ 4.5, 0, 8, 0 ], "texture": "#texture", "cullface": "up" }
    }
},
{
    "from": [ 2.5, 16, 8 ],
    "to": [ 9.5, 16.5, 11.5 ],
    "faces": {
        "up":    { "uv": [ 2.5, 8, 9.5, 11.5 ], "texture": "#texture", "cullface": "up" },
        "north": { "uv": [ 6.5, 0, 13.5, 0 ], "texture": "#texture", "cullface": "up" },
        "south": { "uv": [ 2.5, 0, 9.5, 0 ], "texture": "#texture", "cullface": "up" },
        "west":  { "uv": [ 8, 0, 11.5, 0 ], "texture": "#texture", "cullface": "up" },
        "east":  { "uv": [ 4.5, 0, 8, 0 ], "texture": "#texture", "cullface": "up" }
    }
},
{
    "from": [ 10.5, 16, 8 ],
    "to": [ 15.98, 16.5, 11.5 ],
    "faces": {
        "up":    { "uv": [ 10.5, 8, 16, 11.5 ], "texture": "#texture", "cullface": "up" },
        "north": { "uv": [ 0, 0, 5.5, 0 ], "texture": "#texture", "cullface": "up" },
        "south": { "uv": [ 10.5, 0, 16, 0 ], "texture": "#texture", "cullface": "up" },
        "west":  { "uv": [ 8, 0, 11.5, 0 ], "texture": "#texture", "cullface": "up" },
        "east":  { "uv": [ 4.5, 0, 8, 0 ], "texture": "#texture", "cullface": "up" }
    }
},
{
    "from": [ 0.02, 16, 12 ],
    "to": [ 4.5, 16.5, 15.5 ],
    "faces": {
        "up":    { "uv": [ 0, 12, 4.5, 15.5 ], "texture": "#texture", "cullface": "up" },
        "north": { "uv": [ 11.5, 0, 16, 0 ], "texture": "#texture", "cullface": "up" },
        "south": { "uv": [ 0, 0, 4.5, 0 ], "texture": "#texture", "cullface": "up" },
        "west":  { "uv": [ 12, 0, 15.5, 0 ], "texture": "#texture", "cullface": "up" },
        "east":  { "uv": [ 0.5, 0, 4, 0 ], "texture": "#texture", "cullface": "up" }
    }
},
{
    "from": [ 5, 16, 12 ],
    "to": [ 12, 16.5, 15.5 ],
    "faces": {
        "up":    { "uv": [ 5, 12, 12, 15.5 ], "texture": "#texture", "cullface": "up" },
        "north": { "uv": [ 4, 0, 11, 0 ], "texture": "#texture", "cullface": "up" },
        "south": { "uv": [ 5, 0, 12, 0 ], "texture": "#texture", "cullface": "up" },
        "west":  { "uv": [ 12, 0, 15.5, 0 ], "texture": "#texture", "cullface": "up" },
        "east":  { "uv": [ 0.5, 0, 4, 0 ], "texture": "#texture", "cullface": "up" }
    }
},
{
    "from": [ 12.5, 16, 12 ],
    "to": [ 16, 16.5, 15.5 ],
    "faces": {
        "up":    { "uv": [ 12.5, 12, 16, 15.5 ], "texture": "#texture", "cullface": "up" },
        "north": { "uv": [ 0, 0, 3.5, 0 ], "texture": "#texture", "cullface": "up" },
        "south": { "uv": [ 12.5, 0, 16, 0 ], "texture": "#texture", "cullface": "up" },
        "west":  { "uv": [ 12, 0, 15.5, 0 ], "texture": "#texture", "cullface": "up" },
        "east":  { "uv": [ 0.5, 0, 4, 0 ], "texture": "#texture", "cullface": "up" }
    }
},
{
    "from": [ 5, -0.5, 12 ],
    "to": [ 12, 0, 15.5 ],
    "faces": {
        "down":  { "uv": [ 5, 15.5, 12, 12 ], "texture": "#texture", "cullface": "down" },
        "north": { "uv": [ 4, 16, 11, 16 ], "texture": "#texture", "cullface": "down" },
        "south": { "uv": [ 5, 16, 12, 16 ], "texture": "#texture", "cullface": "down" },
        "west":  { "uv": [ 12, 16, 15.5, 16 ], "texture": "#texture", "cullface": "down" },
        "east":  { "uv": [ 0.5, 16, 4, 16 ], "texture": "#texture", "cullface": "down" }
    }
},
{
    "from": [ 0.02, -0.5, 3.5 ],
    "to": [ 6, 0, 7.5 ],
    "faces": {
        "down":  { "uv": [ 0, 7.5, 6, 3.5 ], "texture": "#texture", "cullface": "down" },
        "north": { "uv": [ 10, 16, 16, 16 ], "texture": "#texture", "cullface": "down" },
        "south": { "uv": [ 0, 16, 6, 16 ], "texture": "#texture", "cullface": "down" },
        "west":  { "uv": [ 3.5, 16, 7.5, 16 ], "texture": "#texture", "cullface": "down" },
        "east":  { "uv": [ 8.5, 16, 12.5, 16 ], "texture": "#texture", "cullface": "down" }
    }
},
{
    "from": [ 0.02, -0.5, 12 ],
    "to": [ 4.5, 0, 15.5 ],
    "faces": {
        "down":  { "uv": [ 0, 15.5, 4.5, 12 ], "texture": "#texture", "cullface": "down" },
        "north": { "uv": [ 11.5, 16, 16, 16 ], "texture": "#texture", "cullface": "down" },
        "south": { "uv": [ 0, 16, 4.5, 16 ], "texture": "#texture", "cullface": "down" },
        "west":  { "uv": [ 12, 16, 15.5, 16 ], "texture": "#texture", "cullface": "down" },
        "east":  { "uv": [ 0.5, 16, 4, 16 ], "texture": "#texture", "cullface": "down" }
    }
},
{
    "from": [ 12.5, -0.5, 12 ],
    "to": [ 15.98, 0, 15.5 ],
    "faces": {
        "down":  { "uv": [ 12.5, 15.5, 16, 12 ], "texture": "#texture", "cullface": "down" },
        "north": { "uv": [ 0, 16, 3.5, 16 ], "texture": "#texture", "cullface": "down" },
        "south": { "uv": [ 12.5, 16, 16, 16 ], "texture": "#texture", "cullface": "down" },
        "west":  { "uv": [ 12, 16, 15.5, 16 ], "texture": "#texture", "cullface": "down" },
        "east":  { "uv": [ 0.5, 16, 4, 16 ], "texture": "#texture", "cullface": "down" }
    }
},
{
    "from": [ 10.5, -0.5, 8 ],
    "to": [ 15.98, 0, 11.5 ],
    "faces": {
        "down":  { "uv": [ 10.5, 11.5, 16, 8 ], "texture": "#texture", "cullface": "down" },
        "north": { "uv": [ 0, 16, 5.5, 16 ], "texture": "#texture", "cullface": "down" },
        "south": { "uv": [ 10.5, 16, 16, 16 ], "texture": "#texture", "cullface": "down" },
        "west":  { "uv": [ 8, 16, 11.5, 16 ], "texture": "#texture", "cullface": "down" },
        "east":  { "uv": [ 4.5, 16, 8, 16 ], "texture": "#texture", "cullface": "down" }
    }
},
{
    "from": [ 2.5, -0.5, 8 ],
    "to": [ 9.5, 0, 11.5 ],
    "faces": {
        "down":  { "uv": [ 2.5, 11.5, 9.5, 8 ], "texture": "#texture", "cullface": "down" },
        "north": { "uv": [ 6.5, 16, 13.5, 16 ], "texture": "#texture", "cullface": "down" },
        "south": { "uv": [ 2.5, 16, 9.5, 16 ], "texture": "#texture", "cullface": "down" },
        "west":  { "uv": [ 8, 16, 11.5, 16 ], "texture": "#texture", "cullface": "down" },
        "east":  { "uv": [ 4.5, 16, 8, 16 ], "texture": "#texture", "cullface": "down" }
    }
},
{
    "from": [ 9.5, -0.5, 0.02 ],
    "to": [ 15.98, 0, 3 ],
    "faces": {
        "down":  { "uv": [ 9.5, 3, 16, 0 ], "texture": "#texture", "cullface": "down" },
        "north": { "uv": [ 0, 16, 6.5, 16 ], "texture": "#texture", "cullface": "down" },
        "south": { "uv": [ 9.5, 16, 16, 16 ], "texture": "#texture", "cullface": "down" },
        "west":  { "uv": [ 0, 16, 3, 16 ], "texture": "#texture", "cullface": "down" },
        "east":  { "uv": [ 13, 16, 16, 16 ], "texture": "#texture", "cullface": "down" }
    }
},
{
    "from": [ 7, -0.5, 3.5 ],
    "to": [ 13.5, 0, 7.5 ],
    "faces": {
        "down":  { "uv": [ 7, 7.5, 13.5, 3.5 ], "texture": "#texture", "cullface": "down" },
        "north": { "uv": [ 2.5, 16, 9, 16 ], "texture": "#texture", "cullface": "down" },
        "south": { "uv": [ 7, 16, 13.5, 16 ], "texture": "#texture", "cullface": "down" },
        "west":  { "uv": [ 3.5, 16, 7.5, 16 ], "texture": "#texture", "cullface": "down" },
        "east":  { "uv": [ 8.5, 16, 12.5, 16 ], "texture": "#texture", "cullface": "down" }
    }
},
{
    "from": [ 1.5, -0.5, 0.02 ],
    "to": [ 8.5, 0, 3 ],
    "faces": {
        "down":  { "uv": [ 1.5, 3, 8.5, 0 ], "texture": "#texture", "cullface": "down" },
        "north": { "uv": [ 7.5, 16, 14.5, 16 ], "texture": "#texture", "cullface": "down" },
        "south": { "uv": [ 1.5, 16, 8.5, 16 ], "texture": "#texture", "cullface": "down" },
        "west":  { "uv": [ 0, 16, 3, 16 ], "texture": "#texture", "cullface": "down" },
        "east":  { "uv": [ 13, 16, 16, 16 ], "texture": "#texture", "cullface": "down" }
    }
},
{
    "from": [ 0.02, -0.5, 0.02 ],
    "to": [ 0.5, 0, 3 ],
    "faces": {
        "down":  { "uv": [ 0, 3, 0.5, 0 ], "texture": "#texture", "cullface": "down" },
        "north": { "uv": [ 15.5, 16, 16, 16 ], "texture": "#texture", "cullface": "down" },
        "south": { "uv": [ 0, 16, 0.5, 16 ], "texture": "#texture", "cullface": "down" },
        "west":  { "uv": [ 0, 16, 3, 16 ], "texture": "#texture", "cullface": "down" },
        "east":  { "uv": [ 13, 16, 16, 16 ], "texture": "#texture", "cullface": "down" }
    }
},
{
    "from": [ 14.5, -0.5, 3.5 ],
    "to": [ 15.98, 0, 7.5 ],
    "faces": {
        "down":  { "uv": [ 14.5, 7.5, 16, 3.5 ], "texture": "#texture", "cullface": "down" },
        "north": { "uv": [ 0, 16, 1.5, 16 ], "texture": "#texture", "cullface": "down" },
        "south": { "uv": [ 14.5, 16, 16, 16 ], "texture": "#texture", "cullface": "down" },
        "west":  { "uv": [ 3.5, 16, 7.5, 16 ], "texture": "#texture", "cullface": "down" },
        "east":  { "uv": [ 8.5, 16, 12.5, 16 ], "texture": "#texture", "cullface": "down" }
    }
},
{
    "from": [ 0.02, -0.5, 8 ],
    "to": [ 1.5, 0, 11.5 ],
    "faces": {
        "down":  { "uv": [ 0, 11.5, 1.5, 8 ], "texture": "#texture", "cullface": "down" },
        "north": { "uv": [ 14.5, 16, 16, 16 ], "texture": "#texture", "cullface": "down" },
        "south": { "uv": [ 0, 16, 1.5, 16 ], "texture": "#texture", "cullface": "down" },
        "west":  { "uv": [ 8, 16, 11.5, 16 ], "texture": "#texture", "cullface": "down" },
        "east":  { "uv": [ 4.5, 16, 8, 16 ], "texture": "#texture", "cullface": "down" }
    }
}
],
    "display": {
        "gui": {
            "rotation": [ 30, 225, 0 ],
            "translation": [ 0, 0, 0],
            "scale":[ 0.625, 0.625, 0.625 ]
        },
        "ground": {
            "rotation": [ 0, 0, 0 ],
            "translation": [ 0, 3, 0],
            "scale":[ 0.25, 0.25, 0.25 ]
        },
        "fixed": {
            "rotation": [ 0, 0, 0 ],
            "translation": [ 0, 0, 0],
            "scale":[ 0.5, 0.5, 0.5 ]
        },
        "thirdperson_righthand": {
            "rotation": [ 75, 45, 0 ],
            "translation": [ 0, 2.5, 0],
            "scale": [ 0.375, 0.375, 0.375 ]
        },
        "firstperson_righthand": {
            "rotation": [ 0, 45, 0 ],
            "translation": [ 0, 0, 0 ],
            "scale": [ 0.40, 0.40, 0.40 ]
        },
        "firstperson_lefthand": {
            "rotation": [ 0, 225, 0 ],
            "translation": [ 0, 0, 0 ],
            "scale": [ 0.40, 0.40, 0.40 ]
        }
    }
}