{
"__comment": "Designed by Filmjolk",
"textures": {
    "particle": "blocks/furnace_side_new",
    "texture": "blocks/furnace_side_new",
    "furnace_top": "blocks/furnace_top",
    "cauldron_inner": "blocks/cauldron_inner"
},
"elements": [ 
{
    "from": [ 0.5, 14.5, 0.5 ],
    "to": [ 15.5, 15.5, 15.5 ],
    "faces": {
        "down":  { "uv": [ 0.5, 15.5, 15.5, 0.5 ], "texture": "#cauldron_inner" },
        "up":    { "uv": [ 0.5, 0.5, 15.5, 15.5 ], "texture": "#cauldron_inner" },
        "north": { "uv": [ 0.5, 0.5, 15.5, 1.5 ], "texture": "#texture" },
        "south": { "uv": [ 0.5, 0.5, 15.5, 1.5 ], "texture": "#texture" },
        "west":  { "uv": [ 0.5, 0.5, 15.5, 1.5 ], "texture": "#texture" },
        "east":  { "uv": [ 0.5, 0.5, 15.5, 1.5 ], "texture": "#texture" }
    }
},
{
    "from": [ 0, 15, 0 ],
    "to": [ 16, 16, 1 ],
    "faces": {
        "down":  { "uv": [ 0, 1, 16, 0 ], "texture": "#texture" },
        "up":    { "uv": [ 0, 0, 16, 1 ], "texture": "#texture" },
        "north": { "uv": [ 0, 0, 16, 1 ], "texture": "#texture" },
        "south": { "uv": [ 0, 0, 16, 1 ], "texture": "#texture" },
        "west":  { "uv": [ 0, 0, 1, 1 ], "texture": "#texture" },
        "east":  { "uv": [ 15, 0, 16, 1 ], "texture": "#texture" }
    }
},
{
    "from": [ 0, 15, 15 ],
    "to": [ 16, 16, 16 ],
    "faces": {
        "down":  { "uv": [ 16, 1, 0, 0 ], "texture": "#texture" },
        "up":    { "uv": [ 0, 1, 16, 0 ], "texture": "#texture" },
        "north": { "uv": [ 0, 0, 16, 1 ], "texture": "#texture" },
        "south": { "uv": [ 0, 0, 16, 1 ], "texture": "#texture" },
        "west":  { "uv": [ 15, 0, 16, 1 ], "texture": "#texture" },
        "east":  { "uv": [ 0, 0, 1, 1 ], "texture": "#texture" }
    }
},
{
    "from": [ 0, 15, 1 ],
    "to": [ 1, 16, 15 ],
    "faces": {
        "down":  { "uv": [ 1, 1, 15, 0 ], "rotation": 270, "texture": "#texture" },
        "up":    { "uv": [ 1, 0, 15, 1 ], "rotation": 270, "texture": "#texture" },
        "north": { "uv": [ 15, 0, 16, 1 ], "texture": "#texture" },
        "south": { "uv": [ 0, 0, 1, 1 ], "texture": "#texture" },
        "west":  { "uv": [ 1, 0, 15, 1 ], "texture": "#texture" },
        "east":  { "uv": [ 1, 0, 15, 1 ], "texture": "#texture" }
    }
},
{
    "from": [ 15, 15, 1 ],
    "to": [ 16, 16, 15 ],
    "faces": {
        "down":  { "uv": [ 1, 1, 15, 0 ], "rotation": 90, "texture": "#texture" },
        "up":    { "uv": [ 1, 0, 15, 1 ], "rotation": 90, "texture": "#texture" },
        "north": { "uv": [ 0, 0, 1, 1 ], "texture": "#texture" },
        "south": { "uv": [ 15, 0, 16, 1 ], "texture": "#texture" },
        "west":  { "uv": [ 1, 0, 15, 1 ], "texture": "#texture" },
        "east":  { "uv": [ 1, 0, 15, 1 ], "texture": "#texture" }
    }
},
{
    "from": [ 0, 1, 15 ],
    "to": [ 1, 15, 16 ],
    "faces": {
        "down":  { "uv": [ 0, 16, 1, 15 ], "texture": "#texture" },
        "up":    { "uv": [ 0, 15, 1, 16 ], "texture": "#texture" },
        "north": { "uv": [ 15, 1, 16, 15 ], "texture": "#texture" },
        "south": { "uv": [ 0, 1, 1, 15 ], "texture": "#texture" },
        "west":  { "uv": [ 15, 1, 16, 15 ], "texture": "#texture" },
        "east":  { "uv": [ 0, 1, 1, 15 ], "texture": "#texture" }
    }
},
{
    "from": [ 0, 1, 0 ],
    "to": [ 1, 15, 1 ],
    "faces": {
        "down":  { "uv": [ 0, 1, 1, 0 ], "texture": "#texture" },
        "up":    { "uv": [ 0, 0, 1, 1 ], "texture": "#texture" },
        "north": { "uv": [ 15, 1, 16, 15 ], "texture": "#texture" },
        "south": { "uv": [ 0, 1, 1, 15 ], "texture": "#texture" },
        "west":  { "uv": [ 0, 1, 1, 15 ], "texture": "#texture" },
        "east":  { "uv": [ 15, 1, 16, 15 ], "texture": "#texture" }
    }
},
{
    "from": [ 15, 1, 15 ],
    "to": [ 16, 15, 16 ],
    "faces": {
        "down":  { "uv": [ 15, 16, 16, 15 ], "texture": "#texture" },
        "up":    { "uv": [ 15, 15, 16, 16 ], "texture": "#texture" },
        "north": { "uv": [ 0, 1, 1, 15 ], "texture": "#texture" },
        "south": { "uv": [ 15, 1, 16, 15 ], "texture": "#texture" },
        "west":  { "uv": [ 15, 1, 16, 15 ], "texture": "#texture" },
        "east":  { "uv": [ 0, 1, 1, 15 ], "texture": "#texture" }
    }
},
{
    "from": [ 15, 1, 0 ],
    "to": [ 16, 15, 1 ],
    "faces": {
        "down":  { "uv": [ 15, 1, 16, 0 ], "texture": "#texture" },
        "up":    { "uv": [ 15, 0, 16, 1 ], "texture": "#texture" },
        "north": { "uv": [ 0, 1, 1, 15 ], "texture": "#texture" },
        "south": { "uv": [ 15, 1, 16, 15 ], "texture": "#texture" },
        "west":  { "uv": [ 0, 1, 1, 15 ], "texture": "#texture" },
        "east":  { "uv": [ 15, 1, 16, 15 ], "texture": "#texture" }
    }
},
{
    "from": [ 2, 15, 2 ],
    "to": [ 7.5, 16, 7.5 ],
    "faces": {
        "down":  { "uv": [ 2, 7.5, 7.5, 2 ], "texture": "#cauldron_inner" },
        "up":    { "uv": [ 2.5, 2.5, 8, 8 ], "texture": "#furnace_top" },
        "north": { "uv": [ 8.5, 0, 14, 1 ], "texture": "#furnace_top" },
        "south": { "uv": [ 2, 0, 7.5, 1 ], "texture": "#furnace_top" },
        "west":  { "uv": [ 2, 0, 7.5, 1 ], "texture": "#furnace_top" },
        "east":  { "uv": [ 8.5, 0, 14, 1 ], "texture": "#furnace_top" }
    }
},
{
    "from": [ 8.5, 15, 2 ],
    "to": [ 14, 16, 7.5 ],
    "faces": {
        "down":  { "uv": [ 8, 7.5, 13.5, 2.5 ], "texture": "#cauldron_inner" },
        "up":    { "uv": [ 8, 2.5, 13.5, 8 ], "texture": "#furnace_top" },
        "north": { "uv": [ 2.5, 0, 8, 1 ], "texture": "#furnace_top" },
        "south": { "uv": [ 8, 0, 13.5, 1 ], "texture": "#furnace_top" },
        "west":  { "uv": [ 2.5, 0, 7.5, 1 ], "texture": "#furnace_top" },
        "east":  { "uv": [ 8.5, 0, 13.5, 1 ], "texture": "#furnace_top" }
    }
},
{
    "from": [ 8.5, 15, 8.5 ],
    "to": [ 14, 16, 14 ],
    "faces": {
        "down":  { "uv": [ 8, 13, 13.5, 8 ], "texture": "#cauldron_inner" },
        "up":    { "uv": [ 8, 8, 13.5, 13.5 ], "texture": "#furnace_top" },
        "north": { "uv": [ 2.5, 0, 8, 1 ], "texture": "#furnace_top" },
        "south": { "uv": [ 8, 0, 13.5, 1 ], "texture": "#furnace_top" },
        "west":  { "uv": [ 8, 0, 13, 1 ], "texture": "#furnace_top" },
        "east":  { "uv": [ 3, 0, 8, 1 ], "texture": "#furnace_top" }
    }
},
{
    "from": [ 2, 15, 8.5 ],
    "to": [ 7.5, 16, 14 ],
    "faces": {
        "down":  { "uv": [ 2.5, 13, 7.5, 8 ], "texture": "#cauldron_inner" },
        "up":    { "uv": [ 2.5, 8, 8, 13.5 ], "texture": "#furnace_top" },
        "north": { "uv": [ 8.5, 0, 13.5, 1 ], "texture": "#furnace_top" },
        "south": { "uv": [ 2.5, 0, 7.5, 1 ], "texture": "#furnace_top" },
        "west":  { "uv": [ 8, 0, 13, 1 ], "texture": "#furnace_top" },
        "east":  { "uv": [ 3, 0, 8, 1 ], "texture": "#furnace_top" }
    }
},
{
    "from": [ 0.5, 0.5, 0.5 ],
    "to": [ 15.5, 1.5, 15.5 ],
    "faces": {
        "down":  { "uv": [ 0.5, 15.5, 15.5, 0.5 ], "texture": "#furnace_top" },
        "up":    { "uv": [ 0.5, 0.5, 15.5, 15.5 ], "texture": "#cauldron_inner" },
        "north": { "uv": [ 0.5, 14.5, 15.5, 15.5 ], "texture": "#texture" },
        "south": { "uv": [ 0.5, 14.5, 15.5, 15.5 ], "texture": "#texture" },
        "west":  { "uv": [ 0.5, 14.5, 15.5, 15.5 ], "texture": "#texture" },
        "east":  { "uv": [ 0.5, 14.5, 15.5, 15.5 ], "texture": "#texture" }
    }
},
{
    "from": [ 1, 12.5, 0.5 ],
    "to": [ 15, 15, 1.5 ],
    "faces": {
        "down":  { "uv": [ 1, 1.5, 15, 0.5 ], "texture": "#texture" },
        "up":    { "uv": [ 1, 0.5, 15, 1.5 ], "texture": "#texture" },
        "north": { "uv": [ 1, 1, 15, 3.5 ], "texture": "#texture" },
        "south": { "uv": [ 1, 1, 15, 3.5 ], "texture": "#texture" },
        "west":  { "uv": [ 0.5, 1, 1.5, 3.5 ], "texture": "#texture" },
        "east":  { "uv": [ 14.5, 1, 15.5, 3.5 ], "texture": "#texture" }
    }
},
{
    "from": [ 0, 0, 0 ],
    "to": [ 16, 1, 1 ],
    "faces": {
        "down":  { "uv": [ 0, 1, 16, 0 ], "texture": "#texture" },
        "up":    { "uv": [ 0, 0, 16, 1 ], "texture": "#texture" },
        "north": { "uv": [ 0, 15, 16, 16 ], "texture": "#texture" },
        "south": { "uv": [ 0, 15, 16, 16 ], "texture": "#texture" },
        "west":  { "uv": [ 0, 15, 1, 16 ], "texture": "#texture" },
        "east":  { "uv": [ 15, 15, 16, 16 ], "texture": "#texture" }
    }
},
{
    "from": [ 0, 0, 15 ],
    "to": [ 16, 1, 16 ],
    "faces": {
        "down":  { "uv": [ 0, 16, 16, 15 ], "texture": "#texture" },
        "up":    { "uv": [ 0, 15, 16, 16 ], "texture": "#texture" },
        "north": { "uv": [ 0, 15, 16, 16 ], "texture": "#texture" },
        "south": { "uv": [ 0, 15, 16, 16 ], "texture": "#texture" },
        "west":  { "uv": [ 15, 15, 16, 16 ], "texture": "#texture" },
        "east":  { "uv": [ 0, 15, 1, 16 ], "texture": "#texture" }
    }
},
{
    "from": [ 0, 0, 1 ],
    "to": [ 1, 1, 15 ],
    "faces": {
        "down":  { "uv": [ 0, 15, 1, 1 ], "texture": "#texture" },
        "up":    { "uv": [ 0, 1, 1, 15 ], "texture": "#texture" },
        "north": { "uv": [ 15, 15, 16, 16 ], "texture": "#texture" },
        "south": { "uv": [ 0, 15, 1, 16 ], "texture": "#texture" },
        "west":  { "uv": [ 1, 15, 15, 16 ], "texture": "#texture" },
        "east":  { "uv": [ 1, 15, 15, 16 ], "texture": "#texture" }
    }
},
{
    "from": [ 15, 0, 1 ],
    "to": [ 16, 1, 15 ],
    "faces": {
        "down":  { "uv": [ 15, 15, 16, 1 ], "texture": "#texture" },
        "up":    { "uv": [ 15, 1, 16, 15 ], "texture": "#texture" },
        "north": { "uv": [ 0, 15, 1, 16 ], "texture": "#texture" },
        "south": { "uv": [ 15, 15, 16, 16 ], "texture": "#texture" },
        "west":  { "uv": [ 1, 15, 15, 16 ], "texture": "#texture" },
        "east":  { "uv": [ 1, 15, 15, 16 ], "texture": "#texture" }
    }
},
{
    "from": [ 1, 1, 0.5 ],
    "to": [ 3.5, 9.5, 1.5 ],
    "faces": {
        "down":  { "uv": [ 1, 1.5, 3.5, 0.5 ], "texture": "#texture" },
        "up":    { "uv": [ 1, 0.5, 3.5, 1.5 ], "texture": "#texture" },
        "north": { "uv": [ 12.5, 6.5, 15, 15 ], "texture": "#texture" },
        "south": { "uv": [ 1, 6.5, 3.5, 15 ], "texture": "#texture" },
        "west":  { "uv": [ 0.5, 6.5, 1.5, 15 ], "texture": "#texture" },
        "east":  { "uv": [ 14.5, 6.5, 15.5, 15 ], "texture": "#texture" }
    }
},
{
    "from": [ 12.5, 1, 0.5 ],
    "to": [ 15, 9.5, 1.5 ],
    "faces": {
        "down":  { "uv": [ 12.5, 1.5, 15, 0.5 ], "texture": "#texture" },
        "up":    { "uv": [ 12.5, 0.5, 15, 1.5 ], "texture": "#texture" },
        "north": { "uv": [ 1, 6.5, 3.5, 15 ], "texture": "#texture" },
        "south": { "uv": [ 12.5, 6.5, 15, 15 ], "texture": "#texture" },
        "west":  { "uv": [ 0.5, 6.5, 1.5, 15 ], "texture": "#texture" },
        "east":  { "uv": [ 14.5, 6.5, 15.5, 15 ], "texture": "#texture" }
    }
},
{
    "from": [ 3.5, 4, 0.5 ],
    "to": [ 4, 9.5, 1.5 ],
    "faces": {
        "down":  { "uv": [ 3.5, 1.5, 4, 0.5 ], "texture": "#texture" },
        "up":    { "uv": [ 3.5, 0.5, 4, 1.5 ], "texture": "#texture" },
        "north": { "uv": [ 12, 6.5, 12.5, 12 ], "texture": "#texture" },
        "south": { "uv": [ 3.5, 6.5, 4, 12 ], "texture": "#texture" },
        "west":  { "uv": [ 0.5, 6.5, 1.5, 12 ], "texture": "#texture" },
        "east":  { "uv": [ 14.5, 6.5, 15.5, 12 ], "texture": "#texture" }
    }
},
{
    "from": [ 12, 4, 0.5 ],
    "to": [ 12.5, 9.5, 1.5 ],
    "faces": {
        "down":  { "uv": [ 12, 1.5, 12.5, 0.5 ], "texture": "#texture" },
        "up":    { "uv": [ 12, 0.5, 12.5, 1.5 ], "texture": "#texture" },
        "north": { "uv": [ 3.5, 6.5, 4, 12 ], "texture": "#texture" },
        "south": { "uv": [ 12, 6.5, 12.5, 12 ], "texture": "#texture" },
        "west":  { "uv": [ 0.5, 6.5, 1.5, 12 ], "texture": "#texture" },
        "east":  { "uv": [ 14.5, 6.5, 15.5, 12 ], "texture": "#texture" }
    }
},
{
    "from": [ 11.5, 5, 0.5 ],
    "to": [ 12, 9.5, 1.5 ],
    "faces": {
        "down":  { "uv": [ 11.5, 1.5, 12, 0.5 ], "texture": "#texture" },
        "up":    { "uv": [ 11.5, 0.5, 12, 1.5 ], "texture": "#texture" },
        "north": { "uv": [ 4, 6.5, 4.5, 11 ], "texture": "#texture" },
        "south": { "uv": [ 11.5, 6.5, 12, 11 ], "texture": "#texture" },
        "west":  { "uv": [ 0.5, 6.5, 1.5, 11 ], "texture": "#texture" },
        "east":  { "uv": [ 14.5, 6.5, 15.5, 11 ], "texture": "#texture" }
    }
},
{
    "from": [ 4, 5, 0.5 ],
    "to": [ 4.5, 9.5, 1.5 ],
    "faces": {
        "down":  { "uv": [ 4, 1.5, 4.5, 0.5 ], "texture": "#texture" },
        "up":    { "uv": [ 4, 0.5, 4.5, 1.5 ], "texture": "#texture" },
        "north": { "uv": [ 11.5, 6.5, 12, 11 ], "texture": "#texture" },
        "south": { "uv": [ 4, 6.5, 4.5, 11 ], "texture": "#texture" },
        "west":  { "uv": [ 0.5, 6.5, 1.5, 11 ], "texture": "#texture" },
        "east":  { "uv": [ 14.5, 6.5, 15.5, 11 ], "texture": "#texture" }
    }
},
{
    "from": [ 4.5, 5.5, 0.5 ],
    "to": [ 5.5, 10, 1.5 ],
    "faces": {
        "down":  { "uv": [ 4.5, 1.5, 5.5, 0.5 ], "texture": "#texture" },
        "up":    { "uv": [ 4.5, 0.5, 5.5, 1.5 ], "texture": "#texture" },
        "north": { "uv": [ 10.5, 6, 11.5, 10.5 ], "texture": "#texture" },
        "south": { "uv": [ 4.5, 6, 5.5, 10.5 ], "texture": "#texture" },
        "west":  { "uv": [ 0.5, 6, 1.5, 10.5 ], "texture": "#texture" },
        "east":  { "uv": [ 14.5, 6, 15.5, 10.5 ], "texture": "#texture" }
    }
},
{
    "from": [ 10.5, 5.5, 0.5 ],
    "to": [ 11.5, 10, 1.5 ],
    "faces": {
        "down":  { "uv": [ 10.5, 1.5, 11.5, 0.5 ], "texture": "#texture" },
        "up":    { "uv": [ 10.5, 0.5, 11.5, 1.5 ], "texture": "#texture" },
        "north": { "uv": [ 4.5, 6, 5.5, 10.5 ], "texture": "#texture" },
        "south": { "uv": [ 10.5, 6, 11.5, 10.5 ], "texture": "#texture" },
        "west":  { "uv": [ 0.5, 6, 1.5, 10.5 ], "texture": "#texture" },
        "east":  { "uv": [ 14.5, 6, 15.5, 10.5 ], "texture": "#texture" }
    }
},
{
    "from": [ 5.5, 6, 0.5 ],
    "to": [ 10.5, 10, 1.5 ],
    "faces": {
        "down":  { "uv": [ 5.5, 1.5, 10.5, 0.5 ], "texture": "#texture" },
        "up":    { "uv": [ 5.5, 0.5, 10.5, 1.5 ], "texture": "#texture" },
        "north": { "uv": [ 5.5, 6, 10.5, 10 ], "texture": "#texture" },
        "south": { "uv": [ 5.5, 6, 10.5, 10 ], "texture": "#texture" },
        "west":  { "uv": [ 0.5, 6, 1.5, 10 ], "texture": "#texture" },
        "east":  { "uv": [ 14.5, 6, 15.5, 10 ], "texture": "#texture" }
    }
},
{
    "from": [ 1, 9.5, 0.5 ],
    "to": [ 4.5, 12.5, 1.5 ],
    "faces": {
        "down":  { "uv": [ 1, 1.5, 4.5, 0.5 ], "texture": "#texture" },
        "up":    { "uv": [ 1, 0.5, 4.5, 1.5 ], "texture": "#texture" },
        "north": { "uv": [ 11.5, 3.5, 15, 6.5 ], "texture": "#texture" },
        "south": { "uv": [ 1, 3.5, 4.5, 6.5 ], "texture": "#texture" },
        "west":  { "uv": [ 0.5, 3.5, 1.5, 6.5 ], "texture": "#texture" },
        "east":  { "uv": [ 14.5, 3.5, 15.5, 6.5 ], "texture": "#texture" }
    }
},
{
    "from": [ 11.5, 9.5, 0.5 ],
    "to": [ 15, 12.5, 1.5 ],
    "faces": {
        "down":  { "uv": [ 11.5, 1.5, 15, 0.5 ], "texture": "#texture" },
        "up":    { "uv": [ 11.5, 0.5, 15, 1.5 ], "texture": "#texture" },
        "north": { "uv": [ 1, 3.5, 4.5, 6.5 ], "texture": "#texture" },
        "south": { "uv": [ 11.5, 3.5, 15, 6.5 ], "texture": "#texture" },
        "west":  { "uv": [ 0.5, 3.5, 1.5, 6.5 ], "texture": "#texture" },
        "east":  { "uv": [ 14.5, 3.5, 15.5, 6.5 ], "texture": "#texture" }
    }
},
{
    "from": [ 11, 11.5, 0.5 ],
    "to": [ 11.5, 12, 1.5 ],
    "faces": {
        "down":  { "uv": [ 11, 1.5, 11.5, 0.5 ], "texture": "#texture" },
        "up":    { "uv": [ 11, 0.5, 11.5, 1.5 ], "texture": "#texture" },
        "north": { "uv": [ 4.5, 4, 5, 4.5 ], "texture": "#texture" },
        "south": { "uv": [ 11, 4, 11.5, 4.5 ], "texture": "#texture" },
        "west":  { "uv": [ 0.5, 4, 1.5, 4.5 ], "texture": "#texture" },
        "east":  { "uv": [ 14.5, 4, 15.5, 4.5 ], "texture": "#texture" }
    }
},
{
    "from": [ 4.5, 11.5, 0.5 ],
    "to": [ 5, 12, 1.5 ],
    "faces": {
        "down":  { "uv": [ 4.5, 1.5, 5, 0.5 ], "texture": "#texture" },
        "up":    { "uv": [ 4.5, 0.5, 5, 1.5 ], "texture": "#texture" },
        "north": { "uv": [ 11, 4, 11.5, 4.5 ], "texture": "#texture" },
        "south": { "uv": [ 4.5, 4, 5, 4.5 ], "texture": "#texture" },
        "west":  { "uv": [ 0.5, 4, 1.5, 4.5 ], "texture": "#texture" },
        "east":  { "uv": [ 14.5, 4, 15.5, 4.5 ], "texture": "#texture" }
    }
},
{
    "from": [ 4.5, 12, 0.5 ],
    "to": [ 5.5, 12.5, 1.5 ],
    "faces": {
        "down":  { "uv": [ 4.5, 1.5, 5.5, 0.5 ], "texture": "#texture" },
        "up":    { "uv": [ 4.5, 0.5, 5.5, 1.5 ], "texture": "#texture" },
        "north": { "uv": [ 10.5, 3.5, 11.5, 4 ], "texture": "#texture" },
        "south": { "uv": [ 4.5, 3.5, 5.5, 4 ], "texture": "#texture" },
        "west":  { "uv": [ 0.5, 3.5, 1.5, 4 ], "texture": "#texture" },
        "east":  { "uv": [ 14.5, 3.5, 15.5, 4 ], "texture": "#texture" }
    }
},
{
    "from": [ 10.5, 12, 0.5 ],
    "to": [ 11.5, 12.5, 1.5 ],
    "faces": {
        "down":  { "uv": [ 10.5, 1.5, 11.5, 0.5 ], "texture": "#texture" },
        "up":    { "uv": [ 10.5, 0.5, 11.5, 1.5 ], "texture": "#texture" },
        "north": { "uv": [ 4.5, 3.5, 5.5, 4 ], "texture": "#texture" },
        "south": { "uv": [ 10.5, 3.5, 11.5, 4 ], "texture": "#texture" },
        "west":  { "uv": [ 0.5, 3.5, 1.5, 4 ], "texture": "#texture" },
        "east":  { "uv": [ 14.5, 3.5, 15.5, 4 ], "texture": "#texture" }
    }
},
{
    "from": [ 1.5, 8.5, 1.5 ],
    "to": [ 14.5, 9.5, 14.5 ],
    "faces": {
        "down":  { "uv": [ 1.5, 14.5, 14.5, 1.5 ], "texture": "#cauldron_inner" },
        "up":    { "uv": [ 1.5, 1.5, 14.5, 14.5 ], "texture": "#cauldron_inner" },
        "north": { "uv": [ 1.5, 6.5, 14.5, 7.5 ], "texture": "#texture" },
        "south": { "uv": [ 1.5, 6.5, 14.5, 7.5 ], "texture": "#texture" },
        "west":  { "uv": [ 1.5, 6.5, 14.5, 7.5 ], "texture": "#texture" },
        "east":  { "uv": [ 1.5, 6.5, 14.5, 7.5 ], "texture": "#texture" }
    }
},
{
    "from": [ 14.5, 1.5, 1 ],
    "to": [ 15.5, 14.5, 15 ],
    "faces": {
        "down":  { "uv": [ 14.5, 15, 15.5, 1 ], "texture": "#texture" },
        "up":    { "uv": [ 14.5, 1, 15.5, 15 ], "texture": "#texture" },
        "north": { "uv": [ 0.5, 1.5, 1.5, 14.5 ], "texture": "#texture" },
        "south": { "uv": [ 14.5, 1.5, 15.5, 14.5 ], "texture": "#texture" },
        "west":  { "uv": [ 4, 3.5, 12, 11.5 ], "texture": "#cauldron_inner" },
        "east":  { "uv": [ 1, 1.5, 15, 14.5 ], "texture": "#texture" }
    }
},
{
    "from": [ 1, 1.5, 14.5 ],
    "to": [ 15, 14.5, 15.5 ],
    "faces": {
        "down":  { "uv": [ 14.5, 15, 15.5, 1 ], "rotation": 270, "texture": "#texture" },
        "up":    { "uv": [ 14.5, 1, 15.5, 15 ], "rotation": 90, "texture": "#texture" },
        "north": { "uv": [ 4, 4, 12, 11.5 ], "texture": "#cauldron_inner" },
        "south": { "uv": [ 1, 1.5, 15, 14.5 ], "texture": "#texture" },
        "west":  { "uv": [ 14.5, 1.5, 15.5, 14.5 ], "texture": "#texture" },
        "east":  { "uv": [ 0.5, 1.5, 1.5, 14.5 ], "texture": "#texture" }
    }
},
{
    "from": [ 0.5, 1.5, 1 ],
    "to": [ 1.5, 14.5, 15 ],
    "faces": {
        "down":  { "uv": [ 14.5, 15, 15.5, 1 ], "rotation": 180, "texture": "#texture" },
        "up":    { "uv": [ 14.5, 1, 15.5, 15 ], "rotation": 180, "texture": "#texture" },
        "north": { "uv": [ 14.5, 1.5, 15.5, 14.5 ], "texture": "#texture" },
        "south": { "uv": [ 0.5, 1.5, 1.5, 14.5 ], "texture": "#texture" },
        "west":  { "uv": [ 1, 1.5, 15, 14.5 ], "texture": "#texture" },
        "east":  { "uv": [ 4, 3, 12.5, 12 ], "texture": "#cauldron_inner" }
    }
}
],
    "display": {
        "gui": {
            "rotation": [ 30, 225, 0 ],
            "translation": [ 0, 0, 0],
            "scale":[ 0.625, 0.625, 0.625 ]
        },
        "ground": {
            "rotation": [ 0, 0, 0 ],
            "translation": [ 0, 3, 0],
            "scale":[ 0.25, 0.25, 0.25 ]
        },
        "fixed": {
            "rotation": [ 0, 0, 0 ],
            "translation": [ 0, 0, 0],
            "scale":[ 0.5, 0.5, 0.5 ]
        },
        "thirdperson_righthand": {
            "rotation": [ 75, 45, 0 ],
            "translation": [ 0, 2.5, 0],
            "scale": [ 0.375, 0.375, 0.375 ]
        },
        "firstperson_righthand": {
            "rotation": [ 0, 45, 0 ],
            "translation": [ 0, 0, 0 ],
            "scale": [ 0.40, 0.40, 0.40 ]
        },
        "firstperson_lefthand": {
            "rotation": [ 0, 225, 0 ],
            "translation": [ 0, 0, 0 ],
            "scale": [ 0.40, 0.40, 0.40 ]
        }
    }
}