{
"ambientocclusion": false,
"textures": {
    "side": "blocks/grass_side",
    "particle": "blocks/grass_side",
    "bottom": "blocks/dirt",
    "top": "blocks/grass_top",
    "grass": "blocks/smallgrass1",
    "overlay": "blocks/grass_side_overlay"
},
"elements": [ 
{   "from": [ 0, 0, 0 ],
    "to": [ 16, 16, 16 ],
    "faces": {
        "down":  { "uv": [ 0, 0, 16, 16 ], "texture": "#bottom", "cullface": "down" },
        "up":    { "uv": [ 0, 0, 16, 16 ], "texture": "#top",    "cullface": "up", "tintindex": 0 },
        "north": { "uv": [ 0, 0, 16, 16 ], "texture": "#side",   "cullface": "north" },
        "south": { "uv": [ 0, 0, 16, 16 ], "texture": "#side",   "cullface": "south" },
        "west":  { "uv": [ 0, 0, 16, 16 ], "texture": "#side",   "cullface": "west" },
        "east":  { "uv": [ 0, 0, 16, 16 ], "texture": "#side",   "cullface": "east" }
    }
},
{
    "from": [ 4.722, 14.879, -0.973 ],
    "to": [ 4.7845, 30.879, 15.027 ],
    "shade": false,
    "__comment": "Planes",
    "faces": {
        "west":  { "uv": [ 0, 0, 16, 16 ], "texture": "#grass", "tintindex": 0, "cullface": "up" },
        "east":  { "uv": [ 0, 0, 16, 16 ], "texture": "#grass", "tintindex": 0, "cullface": "up" }
    }
},
{
    "from": [ 12.722, 14.879, -0.973 ],
    "to": [ 12.7845, 30.879, 15.027 ],
    "shade": false,
    "__comment": "Planes",
    "faces": {
        "west":  { "uv": [ 0, 0, 16, 16 ], "texture": "#grass", "tintindex": 0, "cullface": "up" },
        "east":  { "uv": [ 0, 0, 16, 16 ], "texture": "#grass", "tintindex": 0, "cullface": "up" }
    }
},
{
    "from": [ 0.722, 14.879, 3.027 ],
    "to": [ 16.722, 30.879, 3.0895 ],
    "shade": false,
    "__comment": "Planes",
    "faces": {
        "north": { "uv": [ 0, 0, 16, 16 ], "texture": "#grass", "tintindex": 0, "cullface": "up" },
        "south": { "uv": [ 0, 0, 16, 16 ], "texture": "#grass", "tintindex": 0, "cullface": "up" }
    }
},
{
    "from": [ 0.722, 14.879, 11.027 ],
    "to": [ 16.722, 30.879, 11.0895 ],
    "shade": false,
    "__comment": "Planes",
    "faces": {
        "north": { "uv": [ 0, 0, 16, 16 ], "texture": "#grass", "tintindex": 0, "cullface": "up" },
        "south": { "uv": [ 0, 0, 16, 16 ], "texture": "#grass", "tintindex": 0, "cullface": "up" }
    }
},
{   "from": [ 0, 0, 0 ],
    "to": [ 16, 16, 16 ],
    "faces": {
        "north": { "uv": [ 0, 0, 16, 16 ], "texture": "#overlay", "tintindex": 0, "cullface": "north" },
        "south": { "uv": [ 0, 0, 16, 16 ], "texture": "#overlay", "tintindex": 0, "cullface": "south" },
        "west":  { "uv": [ 0, 0, 16, 16 ], "texture": "#overlay", "tintindex": 0, "cullface": "west" },
        "east":  { "uv": [ 0, 0, 16, 16 ], "texture": "#overlay", "tintindex": 0, "cullface": "east" }
    }
}
]
}
