{
"ambientocclusion": false,
"textures": {
    "particle": "blocks/iron_trapdoor",
    "texture": "blocks/iron_trapdoor"
},
"elements": [ 
{
    "from": [ 0, 3, 13 ],
    "to": [ 3, 13, 16 ],
    "faces": {
        "down":  { "uv": [ 0, 16, 3, 13 ], "texture": "#texture" },
        "up":    { "uv": [ 0, 13, 3, 16 ], "texture": "#texture" },
        "north": { "uv": [ 13, 3, 16, 13 ], "texture": "#texture" },
        "south": { "uv": [ 0, 3, 3, 13 ], "texture": "#texture" },
        "west":  { "uv": [ 13, 3, 16, 13 ], "texture": "#texture" },
        "east":  { "uv": [ 0, 3, 3, 13 ], "texture": "#texture" }
    }
},
{
    "from": [ 13, 3, 13 ],
    "to": [ 16, 13, 16 ],
    "faces": {
        "down":  { "uv": [ 13, 16, 16, 13 ], "texture": "#texture" },
        "up":    { "uv": [ 13, 13, 16, 16 ], "texture": "#texture" },
        "north": { "uv": [ 0, 3, 3, 13 ], "texture": "#texture" },
        "south": { "uv": [ 13, 3, 16, 13 ], "texture": "#texture" },
        "west":  { "uv": [ 13, 3, 16, 13 ], "texture": "#texture" },
        "east":  { "uv": [ 0, 3, 3, 13 ], "texture": "#texture" }
    }
},
{
    "from": [ 0, 0, 13 ],
    "to": [ 16, 3, 16 ],
    "faces": {
        "down":  { "uv": [ 0, 16, 16, 13 ], "texture": "#texture" },
        "up":    { "uv": [ 0, 13, 16, 16 ], "texture": "#texture" },
        "north": { "uv": [ 0, 13, 16, 16 ], "texture": "#texture" },
        "south": { "uv": [ 0, 13, 16, 16 ], "texture": "#texture" },
        "west":  { "uv": [ 13, 13, 16, 16 ], "texture": "#texture" },
        "east":  { "uv": [ 0, 13, 3, 16 ], "texture": "#texture" }
    }
},
{
    "from": [ 0, 13, 13 ],
    "to": [ 16, 16, 16 ],
    "faces": {
        "down":  { "uv": [ 0, 16, 16, 13 ], "texture": "#texture" },
        "up":    { "uv": [ 0, 13, 16, 16 ], "texture": "#texture" },
        "north": { "uv": [ 0, 0, 16, 3 ], "texture": "#texture" },
        "south": { "uv": [ 0, 0, 16, 3 ], "texture": "#texture" },
        "west":  { "uv": [ 13, 0, 16, 3 ], "texture": "#texture" },
        "east":  { "uv": [ 0, 0, 3, 3 ], "texture": "#texture" }
    }
},
{
    "from": [ 4.5, 3, 14 ],
    "to": [ 5.5, 13, 15 ],
    "faces": {
        "down":  { "uv": [ 4.5, 15, 5.5, 14 ], "texture": "#texture" },
        "up":    { "uv": [ 4.5, 14, 5.5, 15 ], "texture": "#texture" },
        "north": { "uv": [ 10.5, 3, 11.5, 13 ], "texture": "#texture" },
        "south": { "uv": [ 4.5, 3, 5.5, 13 ], "texture": "#texture" },
        "west":  { "uv": [ 14, 3, 15, 13 ], "texture": "#texture" },
        "east":  { "uv": [ 1, 3, 2, 13 ], "texture": "#texture" }
    }
},
{
    "from": [ 7.5, 3, 14 ],
    "to": [ 8.5, 13, 15 ],
    "faces": {
        "down":  { "uv": [ 7.5, 15, 8.5, 14 ], "texture": "#texture" },
        "up":    { "uv": [ 7.5, 14, 8.5, 15 ], "texture": "#texture" },
        "north": { "uv": [ 7.5, 3, 8.5, 13 ], "texture": "#texture" },
        "south": { "uv": [ 7.5, 3, 8.5, 13 ], "texture": "#texture" },
        "west":  { "uv": [ 14, 3, 15, 13 ], "texture": "#texture" },
        "east":  { "uv": [ 1, 3, 2, 13 ], "texture": "#texture" }
    }
},
{
    "from": [ 10.5, 3, 14 ],
    "to": [ 11.5, 13, 15 ],
    "faces": {
        "down":  { "uv": [ 10.5, 15, 11.5, 14 ], "texture": "#texture" },
        "up":    { "uv": [ 10.5, 14, 11.5, 15 ], "texture": "#texture" },
        "north": { "uv": [ 4.5, 3, 5.5, 13 ], "texture": "#texture" },
        "south": { "uv": [ 10.5, 3, 11.5, 13 ], "texture": "#texture" },
        "west":  { "uv": [ 14, 3, 15, 13 ], "texture": "#texture" },
        "east":  { "uv": [ 1, 3, 2, 13 ], "texture": "#texture" }
    }
},
{
    "from": [ 3, 10.5, 14 ],
    "to": [ 13, 11.5, 15 ],
    "faces": {
        "down":  { "uv": [ 3, 15, 13, 14 ], "texture": "#texture" },
        "up":    { "uv": [ 3, 14, 13, 15 ], "texture": "#texture" },
        "north": { "uv": [ 3, 4.5, 13, 5.5 ], "texture": "#texture" },
        "south": { "uv": [ 3, 4.5, 13, 5.5 ], "texture": "#texture" },
        "west":  { "uv": [ 14, 4.5, 15, 5.5 ], "texture": "#texture" },
        "east":  { "uv": [ 1, 4.5, 2, 5.5 ], "texture": "#texture" }
    }
},
{
    "from": [ 3, 7.5, 14 ],
    "to": [ 13, 8.5, 15 ],
    "faces": {
        "down":  { "uv": [ 3, 15, 13, 14 ], "texture": "#texture" },
        "up":    { "uv": [ 3, 14, 13, 15 ], "texture": "#texture" },
        "north": { "uv": [ 3, 7.5, 13, 8.5 ], "texture": "#texture" },
        "south": { "uv": [ 3, 7.5, 13, 8.5 ], "texture": "#texture" },
        "west":  { "uv": [ 14, 7.5, 15, 8.5 ], "texture": "#texture" },
        "east":  { "uv": [ 1, 7.5, 2, 8.5 ], "texture": "#texture" }
    }
},
{
    "from": [ 3, 4.5, 14 ],
    "to": [ 13, 5.5, 15 ],
    "faces": {
        "down":  { "uv": [ 3, 15, 13, 14 ], "texture": "#texture" },
        "up":    { "uv": [ 3, 14, 13, 15 ], "texture": "#texture" },
        "north": { "uv": [ 3, 10.5, 13, 11.5 ], "texture": "#texture" },
        "south": { "uv": [ 3, 10.5, 13, 11.5 ], "texture": "#texture" },
        "west":  { "uv": [ 14, 10.5, 15, 11.5 ], "texture": "#texture" },
        "east":  { "uv": [ 1, 10.5, 2, 11.5 ], "texture": "#texture" }
    }
}
],
    "display": {
        "gui": {
            "rotation": [ 30, 225, 0 ],
            "translation": [ 0, 0, 0],
            "scale":[ 0.625, 0.625, 0.625 ]
        },
        "ground": {
            "rotation": [ 0, 0, 0 ],
            "translation": [ 0, 3, 0],
            "scale":[ 0.25, 0.25, 0.25 ]
        },
        "fixed": {
            "rotation": [ 0, 0, 0 ],
            "translation": [ 0, 0, 0],
            "scale":[ 0.5, 0.5, 0.5 ]
        },
        "thirdperson_righthand": {
            "rotation": [ 75, 45, 0 ],
            "translation": [ 0, 2.5, 2],
            "scale": [ 0.375, 0.375, 0.375 ]
        },
        "firstperson_righthand": {
            "rotation": [ 0, 45, 0 ],
            "translation": [ 0, 4.2, 0 ],
            "scale": [ 0.40, 0.40, 0.40 ]
        },
        "firstperson_lefthand": {
            "rotation": [ 0, 225, 0 ],
            "translation": [ 0, 4.2, 0 ],
            "scale": [ 0.40, 0.40, 0.40 ]
        }
    }
}
