{
"textures": {
    "particle": "blocks/redstone_dust_cross",
    "texture": "blocks/redstone_dust_cros"
},
"elements": [ 
{
    "from": [ 7, 0, 0 ],
    "to": [ 9, 1, 8 ],
    "shade": false,
    "faces": {
        "down":  { "uv": [ 9, 8, 7, 0 ], "texture": "#texture", "tintindex": 0 },
        "up":    { "uv": [ 7, 0, 9, 8 ], "texture": "#texture", "tintindex": 0 },
        "north": { "uv": [ 7, 15, 9, 16 ], "texture": "#texture", "tintindex": 0 },
        "south": { "uv": [ 7, 15, 9, 16 ], "texture": "#texture", "tintindex": 0 },
        "west":  { "uv": [ 0, 15, 8, 16 ], "texture": "#texture", "tintindex": 0 },
        "east":  { "uv": [ 8, 15, 16, 16 ], "texture": "#texture", "tintindex": 0 }
    }
}
]
}