{
"ambientocclusion": false,
"textures": {
    "particle": "blocks/redstone_dust_cross",
    "texture": "blocks/redstone_dust_cros"
},
"elements": [ 
{
    "from": [ 9, 0, 7 ],
    "to": [ 16, 1, 9 ],
    "faces": {
        "down":  { "uv": [ 7, 16, 9, 0 ], "texture": "#texture", "tintindex": 0 },
        "up":    { "uv": [ 7, 0, 9, 16 ], "texture": "#texture", "tintindex": 0 },
        "north": { "uv": [ 7, 15, 9, 16 ], "texture": "#texture", "tintindex": 0 },
        "south": { "uv": [ 7, 15, 9, 16 ], "texture": "#texture", "tintindex": 0 },
        "west":  { "uv": [ 0, 15, 16, 16 ], "texture": "#texture", "tintindex": 0 },
        "east":  { "uv": [ 0, 15, 16, 16 ], "texture": "#texture", "tintindex": 0 }
    }
},
{
    "from": [ 15, 1, 7 ],
    "to": [ 16, 17, 9 ],
    "shade": false,
    "faces": {
        "down":  { "uv": [ 15, 9, 16, 7 ], "texture": "#texture", "tintindex": 0 },
        "up":    { "uv": [ 15, 7, 16, 9 ], "texture": "#texture", "tintindex": 0 },
        "north": { "uv": [ 0, 0, 1, 15 ], "texture": "#texture", "tintindex": 0 },
        "south": { "uv": [ 15, 0, 16, 15 ], "texture": "#texture", "tintindex": 0 },
        "west":  { "uv": [ 7, 0, 9, 15 ], "texture": "#texture", "tintindex": 0 },
        "east":  { "uv": [ 7, 0, 9, 15 ], "texture": "#texture", "tintindex": 0 }
    }
},
{
    "from": [ 7, 1, 0 ],
    "to": [ 9, 17, 1 ],
    "shade": false,
    "faces": {
        "down":  { "uv": [ 15, 9, 16, 7 ], "rotation": 90, "texture": "#texture", "tintindex": 0 },
        "up":    { "uv": [ 15, 7, 16, 9 ], "rotation": 270, "texture": "#texture", "tintindex": 0 },
        "north": { "uv": [ 7, 0, 9, 15 ], "texture": "#texture", "tintindex": 0 },
        "south": { "uv": [ 7, 0, 9, 15 ], "texture": "#texture", "tintindex": 0 },
        "west":  { "uv": [ 0, 0, 1, 15 ], "texture": "#texture", "tintindex": 0 },
        "east":  { "uv": [ 15, 0, 16, 15 ], "texture": "#texture", "tintindex": 0 }
    }
},
{
    "from": [ 7, 0, 0 ],
    "to": [ 9, 1, 9 ],
    "shade": false,
    "faces": {
        "down":  { "uv": [ 7, 16, 9, 0 ], "texture": "#texture", "tintindex": 0 },
        "up":    { "uv": [ 7, 0, 9, 16 ], "texture": "#texture", "tintindex": 0 },
        "north": { "uv": [ 7, 15, 9, 16 ], "texture": "#texture", "tintindex": 0 },
        "south": { "uv": [ 7, 15, 9, 16 ], "texture": "#texture", "tintindex": 0 },
        "west":  { "uv": [ 0, 15, 16, 16 ], "texture": "#texture", "tintindex": 0 },
        "east":  { "uv": [ 0, 15, 16, 16 ], "texture": "#texture", "tintindex": 0 }
    }
}
]
}