{
"__comment": "Designed by Filmjolk with BDcraft Cubik PRO 0.85 Beta - http://bdcraft.net",
"textures": {
    "particle": "blocks/sea_lantern",
    "texture": "blocks/sea_lantern"
},
"elements": [ 
{
    "from": [ 2, 0, 1.5 ],
    "to": [ 3, 0.5, 2 ],
    "faces": {
        "down":  { "uv": [ 2, 2, 3, 1.5 ], "texture": "#texture", "cullface": "down" },
        "south": { "uv": [ 2, 15.5, 3, 16 ], "texture": "#texture", "cullface": "south" },
        "east":  { "uv": [ 14, 15.5, 14.5, 16 ], "texture": "#texture", "cullface": "east" }
    }
},
{
    "from": [ 2, 0, 14 ],
    "to": [ 3, 0.5, 14.5 ],
    "faces": {
        "down":  { "uv": [ 2, 14.5, 3, 14 ], "texture": "#texture", "cullface": "down" },
        "north": { "uv": [ 13, 15.5, 14, 16 ], "texture": "#texture", "cullface": "north" },
        "east":  { "uv": [ 1.5, 15.5, 2, 16 ], "texture": "#texture", "cullface": "east" }
    }
},
{
    "from": [ 13, 0, 14 ],
    "to": [ 14, 0.5, 14.5 ],
    "faces": {
        "down":  { "uv": [ 13, 14.5, 14, 14 ], "texture": "#texture", "cullface": "down" },
        "north": { "uv": [ 2, 15.5, 3, 16 ], "texture": "#texture", "cullface": "north" },
        "west":  { "uv": [ 14, 15.5, 14.5, 16 ], "texture": "#texture", "cullface": "west" }
    }
},
{
    "from": [ 14, 0, 13 ],
    "to": [ 14.5, 0.5, 14.5 ],
    "faces": {
        "down":  { "uv": [ 14, 14.5, 14.5, 13 ], "texture": "#texture", "cullface": "down" },
        "north": { "uv": [ 1.5, 15.5, 2, 16 ], "texture": "#texture", "cullface": "north" },
        "west":  { "uv": [ 13, 15.5, 14.5, 16 ], "texture": "#texture", "cullface": "west" }
    }
},
{
    "from": [ 14, 0, 1.5 ],
    "to": [ 14.5, 0.5, 3 ],
    "faces": {
        "down":  { "uv": [ 14, 3, 14.5, 1.5 ], "texture": "#texture", "cullface": "down" },
        "south": { "uv": [ 14, 15.5, 14.5, 16 ], "texture": "#texture", "cullface": "south" },
        "west":  { "uv": [ 1.5, 15.5, 3, 16 ], "texture": "#texture", "cullface": "west" }
    }
},
{
    "from": [ 1.5, 0, 1.5 ],
    "to": [ 2, 0.5, 3 ],
    "faces": {
        "down":  { "uv": [ 1.5, 3, 2, 1.5 ], "texture": "#texture", "cullface": "down" },
        "south": { "uv": [ 1.5, 15.5, 2, 16 ], "texture": "#texture", "cullface": "south" },
        "east":  { "uv": [ 13, 15.5, 14.5, 16 ], "texture": "#texture", "cullface": "east" }
    }
},
{
    "from": [ 1.5, 0, 13 ],
    "to": [ 2, 0.5, 14.5 ],
    "faces": {
        "down":  { "uv": [ 1.5, 14.5, 2, 13 ], "texture": "#texture", "cullface": "down" },
        "north": { "uv": [ 14, 15.5, 14.5, 16 ], "texture": "#texture", "cullface": "north" },
        "east":  { "uv": [ 1.5, 15.5, 3, 16 ], "texture": "#texture", "cullface": "east" }
    }
},
{
    "from": [ 13, 0, 1.5 ],
    "to": [ 14, 0.5, 2 ],
    "faces": {
        "down":  { "uv": [ 13, 2, 14, 1.5 ], "texture": "#texture", "cullface": "down" },
        "south": { "uv": [ 13, 15.5, 14, 16 ], "texture": "#texture", "cullface": "south" },
        "west":  { "uv": [ 1.5, 15.5, 2, 16 ], "texture": "#texture", "cullface": "west" }
    }
},
{
    "from": [ 2, 15.5, 1.5 ],
    "to": [ 3, 16, 2 ],
    "faces": {
        "up":    { "uv": [ 2, 1.5, 3, 2 ], "texture": "#texture", "cullface": "up" },
        "south": { "uv": [ 2, 0, 3, 0.5 ], "texture": "#texture", "cullface": "south" },
        "east":  { "uv": [ 14, 0, 14.5, 0.5 ], "texture": "#texture", "cullface": "east" }
    }
},
{
    "from": [ 2, 15.5, 14 ],
    "to": [ 3, 16, 14.5 ],
    "faces": {
        "up":    { "uv": [ 2, 14, 3, 14.5 ], "texture": "#texture", "cullface": "up" },
        "north": { "uv": [ 13, 0, 14, 0.5 ], "texture": "#texture", "cullface": "north" },
        "east":  { "uv": [ 1.5, 0, 2, 0.5 ], "texture": "#texture", "cullface": "east" }
    }
},
{
    "from": [ 13, 15.5, 14 ],
    "to": [ 14, 16, 14.5 ],
    "faces": {
        "up":    { "uv": [ 13, 14, 14, 14.5 ], "texture": "#texture", "cullface": "up" },
        "north": { "uv": [ 2, 0, 3, 0.5 ], "texture": "#texture", "cullface": "north" },
        "west":  { "uv": [ 14, 0, 14.5, 0.5 ], "texture": "#texture", "cullface": "west" }
    }
},
{
    "from": [ 14, 15.5, 13 ],
    "to": [ 14.5, 16, 14.5 ],
    "faces": {
        "up":    { "uv": [ 14, 13, 14.5, 14.5 ], "texture": "#texture", "cullface": "up" },
        "north": { "uv": [ 1.5, 0, 2, 0.5 ], "texture": "#texture", "cullface": "north" },
        "west":  { "uv": [ 13, 0, 14.5, 0.5 ], "texture": "#texture", "cullface": "west" }
    }
},
{
    "from": [ 14, 15.5, 1.5 ],
    "to": [ 14.5, 16, 3 ],
    "faces": {
        "up":    { "uv": [ 14, 1.5, 14.5, 3 ], "texture": "#texture", "cullface": "up" },
        "south": { "uv": [ 14, 0, 14.5, 0.5 ], "texture": "#texture", "cullface": "south" },
        "west":  { "uv": [ 1.5, 0, 3, 0.5 ], "texture": "#texture", "cullface": "west" }
    }
},
{
    "from": [ 1.5, 15.5, 1.5 ],
    "to": [ 2, 16, 3 ],
    "faces": {
        "up":    { "uv": [ 1.5, 1.5, 2, 3 ], "texture": "#texture", "cullface": "up" },
        "south": { "uv": [ 1.5, 0, 2, 0.5 ], "texture": "#texture", "cullface": "south" },
        "east":  { "uv": [ 13, 0, 14.5, 0.5 ], "texture": "#texture", "cullface": "east" }
    }
},
{
    "from": [ 1.5, 15.5, 13 ],
    "to": [ 2, 16, 14.5 ],
    "faces": {
        "up":    { "uv": [ 1.5, 13, 2, 14.5 ], "texture": "#texture", "cullface": "up" },
        "north": { "uv": [ 14, 0, 14.5, 0.5 ], "texture": "#texture", "cullface": "north" },
        "east":  { "uv": [ 1.5, 0, 3, 0.5 ], "texture": "#texture", "cullface": "east" }
    }
},
{
    "from": [ 13, 15.5, 1.5 ],
    "to": [ 14, 16, 2 ],
    "faces": {
        "up":    { "uv": [ 13, 1.5, 14, 2 ], "texture": "#texture", "cullface": "up" },
        "south": { "uv": [ 13, 0, 14, 0.5 ], "texture": "#texture", "cullface": "south" },
        "west":  { "uv": [ 1.5, 0, 2, 0.5 ], "texture": "#texture", "cullface": "west" }
    }
},
{
    "from": [ 0, 2, 14 ],
    "to": [ 0.5, 3, 14.5 ],
    "faces": {
        "up":    { "uv": [ 1.5, 0, 2, 0.5 ], "rotation": 270, "texture": "#texture", "cullface": "up" },
        "north": { "uv": [ 15.5, 13, 16, 14 ], "texture": "#texture", "cullface": "north" },
        "west":  { "uv": [ 14, 13, 14.5, 14 ], "texture": "#texture", "cullface": "west" }
    }
},
{
    "from": [ 0, 2, 1.5 ],
    "to": [ 0.5, 3, 2 ],
    "faces": {
        "up":    { "uv": [ 14, 0, 14.5, 0.5 ], "rotation": 270, "texture": "#texture", "cullface": "up" },
        "south": { "uv": [ 0, 13, 0.5, 14 ], "texture": "#texture", "cullface": "south" },
        "west":  { "uv": [ 1.5, 13, 2, 14 ], "texture": "#texture", "cullface": "west" }
    }
},
{
    "from": [ 0, 1.5, 13 ],
    "to": [ 0.5, 2, 14.5 ],
    "faces": {
        "up":    { "uv": [ 1.5, 0, 3, 0.5 ], "rotation": 270, "texture": "#texture", "cullface": "up" },
        "north": { "uv": [ 15.5, 14, 16, 14.5 ], "texture": "#texture", "cullface": "north" },
        "west":  { "uv": [ 13, 14, 14.5, 14.5 ], "texture": "#texture", "cullface": "west" }
    }
},
{
    "from": [ 0, 1.5, 1.5 ],
    "to": [ 0.5, 2, 3 ],
    "faces": {
        "up":    { "uv": [ 13, 0, 14.5, 0.5 ], "rotation": 270, "texture": "#texture", "cullface": "up" },
        "south": { "uv": [ 0, 14, 0.5, 14.5 ], "texture": "#texture", "cullface": "south" },
        "west":  { "uv": [ 1.5, 14, 3, 14.5 ], "texture": "#texture", "cullface": "west" }
    }
},
{
    "from": [ 0, 14, 1.5 ],
    "to": [ 0.5, 14.5, 3 ],
    "faces": {
        "down":  { "uv": [ 13, 0.5, 14.5, 0 ], "rotation": 90, "texture": "#texture", "cullface": "down" },
        "south": { "uv": [ 0, 1.5, 0.5, 2 ], "texture": "#texture", "cullface": "south" },
        "west":  { "uv": [ 1.5, 1.5, 3, 2 ], "texture": "#texture", "cullface": "west" }
    }
},
{
    "from": [ 0, 13, 1.5 ],
    "to": [ 0.5, 14, 2 ],
    "faces": {
        "down":  { "uv": [ 14, 0.5, 14.5, 0 ], "rotation": 90, "texture": "#texture", "cullface": "down" },
        "south": { "uv": [ 0, 2, 0.5, 3 ], "texture": "#texture", "cullface": "south" },
        "west":  { "uv": [ 1.5, 2, 2, 3 ], "texture": "#texture", "cullface": "west" }
    }
},
{
    "from": [ 0, 13, 14 ],
    "to": [ 0.5, 14, 14.5 ],
    "faces": {
        "down":  { "uv": [ 1.5, 0.5, 2, 0 ], "rotation": 90, "texture": "#texture", "cullface": "down" },
        "north": { "uv": [ 15.5, 2, 16, 3 ], "texture": "#texture", "cullface": "north" },
        "west":  { "uv": [ 14, 2, 14.5, 3 ], "texture": "#texture", "cullface": "west" }
    }
},
{
    "from": [ 0, 14, 13 ],
    "to": [ 0.5, 14.5, 14.5 ],
    "faces": {
        "down":  { "uv": [ 1.5, 0.5, 3, 0 ], "rotation": 90, "texture": "#texture", "cullface": "down" },
        "north": { "uv": [ 15.5, 1.5, 16, 2 ], "texture": "#texture", "cullface": "north" },
        "west":  { "uv": [ 13, 1.5, 14.5, 2 ], "texture": "#texture", "cullface": "west" }
    }
},
{
    "from": [ 14, 2, 15.5 ],
    "to": [ 14.5, 3, 16 ],
    "faces": {
        "up":    { "uv": [ 1.5, 0, 2, 0.5 ], "rotation": 180, "texture": "#texture", "cullface": "up" },
        "south": { "uv": [ 14, 13, 14.5, 14 ], "texture": "#texture", "cullface": "south" },
        "west":  { "uv": [ 15.5, 13, 16, 14 ], "texture": "#texture", "cullface": "west" }
    }
},
{
    "from": [ 1.5, 2, 15.5 ],
    "to": [ 2, 3, 16 ],
    "faces": {
        "up":    { "uv": [ 14, 0, 14.5, 0.5 ], "rotation": 180, "texture": "#texture", "cullface": "up" },
        "south": { "uv": [ 1.5, 13, 2, 14 ], "texture": "#texture", "cullface": "south" },
        "east":  { "uv": [ 0, 13, 0.5, 14 ], "texture": "#texture", "cullface": "east" }
    }
},
{
    "from": [ 13, 1.5, 15.5 ],
    "to": [ 14.5, 2, 16 ],
    "faces": {
        "up":    { "uv": [ 1.5, 0, 3, 0.5 ], "rotation": 180, "texture": "#texture", "cullface": "up" },
        "south": { "uv": [ 13, 14, 14.5, 14.5 ], "texture": "#texture", "cullface": "south" },
        "west":  { "uv": [ 15.5, 14, 16, 14.5 ], "texture": "#texture", "cullface": "west" }
    }
},
{
    "from": [ 1.5, 1.5, 15.5 ],
    "to": [ 3, 2, 16 ],
    "faces": {
        "up":    { "uv": [ 13, 0, 14.5, 0.5 ], "rotation": 180, "texture": "#texture", "cullface": "up" },
        "south": { "uv": [ 1.5, 14, 3, 14.5 ], "texture": "#texture", "cullface": "south" },
        "east":  { "uv": [ 0, 14, 0.5, 14.5 ], "texture": "#texture", "cullface": "east" }
    }
},
{
    "from": [ 1.5, 14, 15.5 ],
    "to": [ 3, 14.5, 16 ],
    "faces": {
        "down":  { "uv": [ 13, 0.5, 14.5, 0 ], "rotation": 180, "texture": "#texture", "cullface": "down" },
        "south": { "uv": [ 1.5, 1.5, 3, 2 ], "texture": "#texture", "cullface": "south" },
        "east":  { "uv": [ 0, 1.5, 0.5, 2 ], "texture": "#texture", "cullface": "east" }
    }
},
{
    "from": [ 1.5, 13, 15.5 ],
    "to": [ 2, 14, 16 ],
    "faces": {
        "down":  { "uv": [ 14, 0.5, 14.5, 0 ], "rotation": 180, "texture": "#texture", "cullface": "down" },
        "south": { "uv": [ 1.5, 2, 2, 3 ], "texture": "#texture", "cullface": "south" },
        "east":  { "uv": [ 0, 2, 0.5, 3 ], "texture": "#texture", "cullface": "east" }
    }
},
{
    "from": [ 14, 13, 15.5 ],
    "to": [ 14.5, 14, 16 ],
    "faces": {
        "down":  { "uv": [ 1.5, 0.5, 2, 0 ], "rotation": 180, "texture": "#texture", "cullface": "down" },
        "south": { "uv": [ 14, 2, 14.5, 3 ], "texture": "#texture", "cullface": "south" },
        "west":  { "uv": [ 15.5, 2, 16, 3 ], "texture": "#texture", "cullface": "west" }
    }
},
{
    "from": [ 13, 14, 15.5 ],
    "to": [ 14.5, 14.5, 16 ],
    "faces": {
        "down":  { "uv": [ 1.5, 0.5, 3, 0 ], "rotation": 180, "texture": "#texture", "cullface": "down" },
        "south": { "uv": [ 13, 1.5, 14.5, 2 ], "texture": "#texture", "cullface": "south" },
        "west":  { "uv": [ 15.5, 1.5, 16, 2 ], "texture": "#texture", "cullface": "west" }
    }
},
{
    "from": [ 15.5, 2, 1.5 ],
    "to": [ 16, 3, 2 ],
    "faces": {
        "up":    { "uv": [ 1.5, 0, 2, 0.5 ], "rotation": 90, "texture": "#texture", "cullface": "up" },
        "south": { "uv": [ 15.5, 13, 16, 14 ], "texture": "#texture", "cullface": "south" },
        "east":  { "uv": [ 14, 13, 14.5, 14 ], "texture": "#texture", "cullface": "east" }
    }
},
{
    "from": [ 15.5, 2, 14 ],
    "to": [ 16, 3, 14.5 ],
    "faces": {
        "up":    { "uv": [ 14, 0, 14.5, 0.5 ], "rotation": 90, "texture": "#texture", "cullface": "up" },
        "north": { "uv": [ 0, 13, 0.5, 14 ], "texture": "#texture", "cullface": "north" },
        "east":  { "uv": [ 1.5, 13, 2, 14 ], "texture": "#texture", "cullface": "east" }
    }
},
{
    "from": [ 15.5, 1.5, 1.5 ],
    "to": [ 16, 2, 3 ],
    "faces": {
        "up":    { "uv": [ 1.5, 0, 3, 0.5 ], "rotation": 90, "texture": "#texture", "cullface": "up" },
        "south": { "uv": [ 15.5, 14, 16, 14.5 ], "texture": "#texture", "cullface": "south" },
        "east":  { "uv": [ 13, 14, 14.5, 14.5 ], "texture": "#texture", "cullface": "east" }
    }
},
{
    "from": [ 15.5, 1.5, 13 ],
    "to": [ 16, 2, 14.5 ],
    "faces": {
        "up":    { "uv": [ 13, 0, 14.5, 0.5 ], "rotation": 90, "texture": "#texture", "cullface": "up" },
        "north": { "uv": [ 0, 14, 0.5, 14.5 ], "texture": "#texture", "cullface": "north" },
        "east":  { "uv": [ 1.5, 14, 3, 14.5 ], "texture": "#texture", "cullface": "east" }
    }
},
{
    "from": [ 15.5, 14, 13 ],
    "to": [ 16, 14.5, 14.5 ],
    "faces": {
        "down":  { "uv": [ 13, 0.5, 14.5, 0 ], "rotation": 270, "texture": "#texture", "cullface": "down" },
        "north": { "uv": [ 0, 1.5, 0.5, 2 ], "texture": "#texture", "cullface": "north" },
        "east":  { "uv": [ 1.5, 1.5, 3, 2 ], "texture": "#texture", "cullface": "east" }
    }
},
{
    "from": [ 15.5, 13, 14 ],
    "to": [ 16, 14, 14.5 ],
    "faces": {
        "down":  { "uv": [ 14, 0.5, 14.5, 0 ], "rotation": 270, "texture": "#texture", "cullface": "down" },
        "north": { "uv": [ 0, 2, 0.5, 3 ], "texture": "#texture", "cullface": "north" },
        "east":  { "uv": [ 1.5, 2, 2, 3 ], "texture": "#texture", "cullface": "east" }
    }
},
{
    "from": [ 15.5, 13, 1.5 ],
    "to": [ 16, 14, 2 ],
    "faces": {
        "down":  { "uv": [ 1.5, 0.5, 2, 0 ], "rotation": 270, "texture": "#texture", "cullface": "down" },
        "south": { "uv": [ 15.5, 2, 16, 3 ], "texture": "#texture", "cullface": "south" },
        "east":  { "uv": [ 14, 2, 14.5, 3 ], "texture": "#texture", "cullface": "east" }
    }
},
{
    "from": [ 15.5, 14, 1.5 ],
    "to": [ 16, 14.5, 3 ],
    "faces": {
        "down":  { "uv": [ 1.5, 0.5, 3, 0 ], "rotation": 270, "texture": "#texture", "cullface": "down" },
        "south": { "uv": [ 15.5, 1.5, 16, 2 ], "texture": "#texture", "cullface": "south" },
        "east":  { "uv": [ 13, 1.5, 14.5, 2 ], "texture": "#texture", "cullface": "east" }
    }
},
{
    "from": [ 1.5, 2, 0 ],
    "to": [ 2, 3, 0.5 ],
    "faces": {
        "up":    { "uv": [ 1.5, 0, 2, 0.5 ], "texture": "#texture", "cullface": "up" },
        "north": { "uv": [ 14, 13, 14.5, 14 ], "texture": "#texture", "cullface": "north" },
        "east":  { "uv": [ 15.5, 13, 16, 14 ], "texture": "#texture", "cullface": "east" }
    }
},
{
    "from": [ 14, 2, 0 ],
    "to": [ 14.5, 3, 0.5 ],
    "faces": {
        "up":    { "uv": [ 14, 0, 14.5, 0.5 ], "texture": "#texture", "cullface": "up" },
        "north": { "uv": [ 1.5, 13, 2, 14 ], "texture": "#texture", "cullface": "north" },
        "west":  { "uv": [ 0, 13, 0.5, 14 ], "texture": "#texture", "cullface": "west" }
    }
},
{
    "from": [ 1.5, 1.5, 0 ],
    "to": [ 3, 2, 0.5 ],
    "faces": {
        "up":    { "uv": [ 1.5, 0, 3, 0.5 ], "texture": "#texture", "cullface": "up" },
        "north": { "uv": [ 13, 14, 14.5, 14.5 ], "texture": "#texture", "cullface": "north" },
        "east":  { "uv": [ 15.5, 14, 16, 14.5 ], "texture": "#texture", "cullface": "east" }
    }
},
{
    "from": [ 13, 1.5, 0 ],
    "to": [ 14.5, 2, 0.5 ],
    "faces": {
        "up":    { "uv": [ 13, 0, 14.5, 0.5 ], "texture": "#texture", "cullface": "up" },
        "north": { "uv": [ 1.5, 14, 3, 14.5 ], "texture": "#texture", "cullface": "north" },
        "west":  { "uv": [ 0, 14, 0.5, 14.5 ], "texture": "#texture", "cullface": "west" }
    }
},
{
    "from": [ 13, 14, 0 ],
    "to": [ 14.5, 14.5, 0.5 ],
    "faces": {
        "down":  { "uv": [ 13, 0.5, 14.5, 0 ], "texture": "#texture", "cullface": "down" },
        "north": { "uv": [ 1.5, 1.5, 3, 2 ], "texture": "#texture", "cullface": "north" },
        "west":  { "uv": [ 0, 1.5, 0.5, 2 ], "texture": "#texture", "cullface": "west" }
    }
},
{
    "from": [ 14, 13, 0 ],
    "to": [ 14.5, 14, 0.5 ],
    "faces": {
        "down":  { "uv": [ 14, 0.5, 14.5, 0 ], "texture": "#texture", "cullface": "down" },
        "north": { "uv": [ 1.5, 2, 2, 3 ], "texture": "#texture", "cullface": "north" },
        "west":  { "uv": [ 0, 2, 0.5, 3 ], "texture": "#texture", "cullface": "west" }
    }
},
{
    "from": [ 1.5, 13, 0 ],
    "to": [ 2, 14, 0.5 ],
    "faces": {
        "down":  { "uv": [ 1.5, 0.5, 2, 0 ], "texture": "#texture", "cullface": "down" },
        "north": { "uv": [ 14, 2, 14.5, 3 ], "texture": "#texture", "cullface": "north" },
        "east":  { "uv": [ 15.5, 2, 16, 3 ], "texture": "#texture", "cullface": "east" }
    }
},
{
    "from": [ 1.5, 14, 0 ],
    "to": [ 3, 14.5, 0.5 ],
    "faces": {
        "down":  { "uv": [ 1.5, 0.5, 3, 0 ], "texture": "#texture", "cullface": "down" },
        "north": { "uv": [ 13, 1.5, 14.5, 2 ], "texture": "#texture", "cullface": "north" },
        "east":  { "uv": [ 15.5, 1.5, 16, 2 ], "texture": "#texture", "cullface": "east" }
    }
},
{
    "from": [ 0, 0, 0 ],
    "to": [ 1.5, 1.5, 16 ],
    "faces": {
        "down":  { "uv": [ 0, 16, 1.5, 0 ], "texture": "#texture", "cullface": "down" },
        "up":    { "uv": [ 0, 0, 1.5, 16 ], "texture": "#texture", "cullface": "up" },
        "north": { "uv": [ 14.5, 14.5, 16, 16 ], "texture": "#texture", "cullface": "north" },
        "south": { "uv": [ 0, 14.5, 1.5, 16 ], "texture": "#texture", "cullface": "south" },
        "west":  { "uv": [ 0, 14.5, 16, 16 ], "texture": "#texture", "cullface": "west" },
        "east":  { "uv": [ 0, 14.5, 16, 16 ], "texture": "#texture", "cullface": "east" }
    }
},
{
    "from": [ 14.5, 0, 0 ],
    "to": [ 16, 1.5, 16 ],
    "faces": {
        "down":  { "uv": [ 14.5, 16, 16, 0 ], "texture": "#texture", "cullface": "down" },
        "up":    { "uv": [ 14.5, 0, 16, 16 ], "texture": "#texture", "cullface": "up" },
        "north": { "uv": [ 0, 14.5, 1.5, 16 ], "texture": "#texture", "cullface": "north" },
        "south": { "uv": [ 14.5, 14.5, 16, 16 ], "texture": "#texture", "cullface": "south" },
        "west":  { "uv": [ 0, 14.5, 16, 16 ], "texture": "#texture", "cullface": "west" },
        "east":  { "uv": [ 0, 14.5, 16, 16 ], "texture": "#texture", "cullface": "east" }
    }
},
{
    "from": [ 0, 0, 14.5 ],
    "to": [ 16, 1.5, 16 ],
    "faces": {
        "down":  { "uv": [ 0, 16, 16, 14.5 ], "texture": "#texture", "cullface": "down" },
        "up":    { "uv": [ 0, 14.5, 16, 16 ], "texture": "#texture", "cullface": "up" },
        "north": { "uv": [ 0, 14.5, 16, 16 ], "texture": "#texture", "cullface": "north" },
        "south": { "uv": [ 0, 14.5, 16, 16 ], "texture": "#texture", "cullface": "south" },
        "west":  { "uv": [ 14.5, 14.5, 16, 16 ], "texture": "#texture", "cullface": "west" },
        "east":  { "uv": [ 0, 14.5, 1.5, 16 ], "texture": "#texture", "cullface": "east" }
    }
},
{
    "from": [ 14.5, 0, 0 ],
    "to": [ 16, 16, 1.5 ],
    "faces": {
        "down":  { "uv": [ 14.5, 1.5, 16, 0 ], "texture": "#texture", "cullface": "down" },
        "up":    { "uv": [ 14.5, 0, 16, 1.5 ], "texture": "#texture", "cullface": "up" },
        "north": { "uv": [ 0, 0, 1.5, 16 ], "texture": "#texture", "cullface": "north" },
        "south": { "uv": [ 14.5, 0, 16, 16 ], "texture": "#texture", "cullface": "south" },
        "west":  { "uv": [ 0, 0, 1.5, 16 ], "texture": "#texture", "cullface": "west" },
        "east":  { "uv": [ 14.5, 0, 16, 16 ], "texture": "#texture", "cullface": "east" }
    }
},
{
    "from": [ 0, 0, 0 ],
    "to": [ 16, 1.5, 1.5 ],
    "faces": {
        "down":  { "uv": [ 0, 1.5, 16, 0 ], "texture": "#texture", "cullface": "down" },
        "up":    { "uv": [ 0, 0, 16, 1.5 ], "texture": "#texture", "cullface": "up" },
        "north": { "uv": [ 0, 14.5, 16, 16 ], "texture": "#texture", "cullface": "north" },
        "south": { "uv": [ 0, 14.5, 16, 16 ], "texture": "#texture", "cullface": "south" },
        "west":  { "uv": [ 0, 14.5, 1.5, 16 ], "texture": "#texture", "cullface": "west" },
        "east":  { "uv": [ 14.5, 14.5, 16, 16 ], "texture": "#texture", "cullface": "east" }
    }
},
{
    "from": [ 0, 0, 14.5 ],
    "to": [ 1.5, 16, 16 ],
    "faces": {
        "down":  { "uv": [ 0, 16, 1.5, 14.5 ], "texture": "#texture", "cullface": "down" },
        "up":    { "uv": [ 0, 14.5, 1.5, 16 ], "texture": "#texture", "cullface": "up" },
        "north": { "uv": [ 14.5, 0, 16, 16 ], "texture": "#texture", "cullface": "north" },
        "south": { "uv": [ 0, 0, 1.5, 16 ], "texture": "#texture", "cullface": "south" },
        "west":  { "uv": [ 14.5, 0, 16, 16 ], "texture": "#texture", "cullface": "west" },
        "east":  { "uv": [ 0, 0, 1.5, 16 ], "texture": "#texture", "cullface": "east" }
    }
},
{
    "from": [ 14.5, 0, 14.5 ],
    "to": [ 16, 16, 16 ],
    "faces": {
        "down":  { "uv": [ 14.5, 16, 16, 14.5 ], "texture": "#texture", "cullface": "down" },
        "up":    { "uv": [ 14.5, 14.5, 16, 16 ], "texture": "#texture", "cullface": "up" },
        "north": { "uv": [ 0, 0, 1.5, 16 ], "texture": "#texture", "cullface": "north" },
        "south": { "uv": [ 14.5, 0, 16, 16 ], "texture": "#texture", "cullface": "south" },
        "west":  { "uv": [ 14.5, 0, 16, 16 ], "texture": "#texture", "cullface": "west" },
        "east":  { "uv": [ 0, 0, 1.5, 16 ], "texture": "#texture", "cullface": "east" }
    }
},
{
    "from": [ 0, 0, 0 ],
    "to": [ 1.5, 16, 1.5 ],
    "faces": {
        "down":  { "uv": [ 0, 1.5, 1.5, 0 ], "texture": "#texture", "cullface": "down" },
        "up":    { "uv": [ 0, 0, 1.5, 1.5 ], "texture": "#texture", "cullface": "up" },
        "north": { "uv": [ 14.5, 0, 16, 16 ], "texture": "#texture", "cullface": "north" },
        "south": { "uv": [ 0, 0, 1.5, 16 ], "texture": "#texture", "cullface": "south" },
        "west":  { "uv": [ 0, 0, 1.5, 16 ], "texture": "#texture", "cullface": "west" },
        "east":  { "uv": [ 14.5, 0, 16, 16 ], "texture": "#texture", "cullface": "east" }
    }
},
{
    "from": [ 14.5, 14.5, 0 ],
    "to": [ 16, 16, 16 ],
    "faces": {
        "down":  { "uv": [ 14.5, 16, 16, 0 ], "texture": "#texture", "cullface": "down" },
        "up":    { "uv": [ 14.5, 0, 16, 16 ], "texture": "#texture", "cullface": "up" },
        "north": { "uv": [ 0, 0, 1.5, 1.5 ], "texture": "#texture", "cullface": "north" },
        "south": { "uv": [ 14.5, 0, 16, 1.5 ], "texture": "#texture", "cullface": "south" },
        "west":  { "uv": [ 0, 0, 16, 1.5 ], "texture": "#texture", "cullface": "west" },
        "east":  { "uv": [ 0, 0, 16, 1.5 ], "texture": "#texture", "cullface": "east" }
    }
},
{
    "from": [ 0, 14.5, 14.5 ],
    "to": [ 16, 16, 16 ],
    "faces": {
        "down":  { "uv": [ 0, 16, 16, 14.5 ], "texture": "#texture", "cullface": "down" },
        "up":    { "uv": [ 0, 14.5, 16, 16 ], "texture": "#texture", "cullface": "up" },
        "north": { "uv": [ 0, 0, 16, 1.5 ], "texture": "#texture", "cullface": "north" },
        "south": { "uv": [ 0, 0, 16, 1.5 ], "texture": "#texture", "cullface": "south" },
        "west":  { "uv": [ 14.5, 0, 16, 1.5 ], "texture": "#texture", "cullface": "west" },
        "east":  { "uv": [ 0, 0, 1.5, 1.5 ], "texture": "#texture", "cullface": "east" }
    }
},
{
    "from": [ 0, 14.5, 0 ],
    "to": [ 16, 16, 1.5 ],
    "faces": {
        "down":  { "uv": [ 0, 1.5, 16, 0 ], "texture": "#texture", "cullface": "down" },
        "up":    { "uv": [ 0, 0, 16, 1.5 ], "texture": "#texture", "cullface": "up" },
        "north": { "uv": [ 0, 0, 16, 1.5 ], "texture": "#texture", "cullface": "north" },
        "south": { "uv": [ 0, 0, 16, 1.5 ], "texture": "#texture", "cullface": "south" },
        "west":  { "uv": [ 0, 0, 1.5, 1.5 ], "texture": "#texture", "cullface": "west" },
        "east":  { "uv": [ 14.5, 0, 16, 1.5 ], "texture": "#texture", "cullface": "east" }
    }
},
{
    "from": [ 0, 14.5, 0 ],
    "to": [ 1.5, 16, 16 ],
    "faces": {
        "down":  { "uv": [ 0, 16, 1.5, 0 ], "texture": "#texture", "cullface": "down" },
        "up":    { "uv": [ 0, 0, 1.5, 16 ], "texture": "#texture", "cullface": "up" },
        "north": { "uv": [ 14.5, 0, 16, 1.5 ], "texture": "#texture", "cullface": "north" },
        "south": { "uv": [ 0, 0, 1.5, 1.5 ], "texture": "#texture", "cullface": "south" },
        "west":  { "uv": [ 0, 0, 16, 1.5 ], "texture": "#texture", "cullface": "west" },
        "east":  { "uv": [ 0, 0, 16, 1.5 ], "texture": "#texture", "cullface": "east" }
    }
},
{
    "from": [ 0.5, 0.5, 0.5 ],
    "to": [ 15.5, 15.5, 15.5 ],
    "faces": {
        "down":  { "uv": [ 0.5, 0.5, 15.5, 15.5 ], "texture": "#texture", "cullface": "down" },
        "up":    { "uv": [ 0.5, 0.5, 15.5, 15.5 ], "texture": "#texture", "cullface": "up" },
        "north": { "uv": [ 0.5, 0.5, 15.5, 15.5 ], "texture": "#texture", "cullface": "north" },
        "south": { "uv": [ 0.5, 0.5, 15.5, 15.5 ], "texture": "#texture", "cullface": "south" },
        "west":  { "uv": [ 0.5, 0.5, 15.5, 15.5 ], "texture": "#texture", "cullface": "west" },
        "east":  { "uv": [ 0.5, 0.5, 15.5, 15.5 ], "texture": "#texture", "cullface": "east" }
    }
}
],
    "display": {
        "gui": {
            "rotation": [ 30, 225, 0 ],
            "translation": [ 0, 0, 0],
            "scale":[ 0.625, 0.625, 0.625 ]
        },
        "ground": {
            "rotation": [ 0, 0, 0 ],
            "translation": [ 0, 3, 0],
            "scale":[ 0.25, 0.25, 0.25 ]
        },
        "fixed": {
            "rotation": [ 0, 0, 0 ],
            "translation": [ 0, 0, 0],
            "scale":[ 0.5, 0.5, 0.5 ]
        },
        "thirdperson_righthand": {
            "rotation": [ 75, 45, 0 ],
            "translation": [ 0, 2.5, 0],
            "scale": [ 0.375, 0.375, 0.375 ]
        },
        "firstperson_righthand": {
            "rotation": [ 0, 45, 0 ],
            "translation": [ 0, 0, 0 ],
            "scale": [ 0.40, 0.40, 0.40 ]
        },
        "firstperson_lefthand": {
            "rotation": [ 0, 225, 0 ],
            "translation": [ 0, 0, 0 ],
            "scale": [ 0.40, 0.40, 0.40 ]
        }
    }
}
