{
"ambientocclusion": false,
"textures": {
    "particle": "#torch",
    "torch": "blocks/torch_on",
    "cauldron_inner": "blocks/cauldron_inner"
},
"elements": [ 
{
    "from": [ 7.5, 6, 7 ],
    "to": [ 8.5, 9.5, 9 ],
    "faces": {
        "down":  { "uv": [ 7.5, 9, 8.5, 7 ], "texture": "#cauldron_inner" },
        "up":    { "uv": [ 7.5, 7, 8.5, 9 ], "texture": "#cauldron_inner" },
        "north": { "uv": [ 7.5, 6.5, 8.5, 10 ], "texture": "#torch" },
        "south": { "uv": [ 7.5, 6.5, 8.5, 10 ], "texture": "#torch" },
        "west":  { "uv": [ 7, 6.5, 9, 10 ], "texture": "#torch" },
        "east":  { "uv": [ 7, 6.5, 9, 10 ], "texture": "#torch" }
    }
},
{
    "from": [ 7, 6, 7.5 ],
    "to": [ 9, 9.5, 8.5 ],
    "faces": {
        "down":  { "uv": [ 7, 8.5, 9, 7.5 ], "texture": "#cauldron_inner" },
        "up":    { "uv": [ 7, 7.5, 9, 8.5 ], "texture": "#cauldron_inner" },
        "north": { "uv": [ 7, 6.5, 9, 10 ], "texture": "#torch" },
        "south": { "uv": [ 7, 6.5, 9, 10 ], "texture": "#torch" },
        "west":  { "uv": [ 7.5, 6.5, 8.5, 10 ], "texture": "#torch" },
        "east":  { "uv": [ 7.5, 6.5, 8.5, 10 ], "texture": "#torch" }
    }
},
{
    "from": [ 7.5, 0, 7.5 ],
    "to": [ 8.5, 6, 8.5 ],
    "faces": {
        "down":  { "uv": [ 7.5, 8.5, 8.5, 7.5 ], "texture": "#cauldron_inner" },
        "up":    { "uv": [ 7.5, 7.5, 8.5, 8.5 ], "texture": "#cauldron_inner" },
        "north": { "uv": [ 7.5, 10, 8.5, 16 ], "texture": "#torch" },
        "south": { "uv": [ 7.5, 10, 8.5, 16 ], "texture": "#torch" },
        "west":  { "uv": [ 7.5, 10, 8.5, 16 ], "texture": "#torch" },
        "east":  { "uv": [ 7.5, 10, 8.5, 16 ], "texture": "#torch" }
    }
},
{
    "from": [ 6.5, 9.5, 7.5 ],
    "to": [ 9.5, 10, 8.5 ],
    "faces": {
        "down":  { "uv": [ 0.5, 14, 3.5, 13 ], "texture": "#cauldron_inner" },
        "up":    { "uv": [ 0.5, 13, 3.5, 14 ], "texture": "#cauldron_inner" },
        "north": { "uv": [ 6.5, 6, 9.5, 6.5 ], "texture": "#torch" },
        "south": { "uv": [ 6.5, 6, 9.5, 6.5 ], "texture": "#torch" },
        "west":  { "uv": [ 7.5, 6, 8.5, 6.5 ], "texture": "#torch" },
        "east":  { "uv": [ 7.5, 6, 8.5, 6.5 ], "texture": "#torch" }
    }
},
{
    "from": [ 7.5, 9.5, 6.5 ],
    "to": [ 8.5, 10, 9.5 ],
    "faces": {
        "down":  { "uv": [ 1.5, 15, 2.5, 12 ], "texture": "#cauldron_inner" },
        "up":    { "uv": [ 1.5, 12, 2.5, 15 ], "texture": "#cauldron_inner" },
        "north": { "uv": [ 7.5, 6, 8.5, 6.5 ], "texture": "#torch" },
        "south": { "uv": [ 7.5, 6, 8.5, 6.5 ], "texture": "#torch" },
        "west":  { "uv": [ 6.5, 6, 9.5, 6.5 ], "texture": "#torch" },
        "east":  { "uv": [ 6.5, 6, 9.5, 6.5 ], "texture": "#torch" }
    }
},
{
    "from": [ 7, 9.5, 7 ],
    "to": [ 9, 10, 9 ],
    "faces": {
        "down":  { "uv": [ 1, 14.5, 3, 12.5 ], "texture": "#cauldron_inner" },
        "up":    { "uv": [ 1, 12.5, 3, 14.5 ], "texture": "#cauldron_inner" },
        "north": { "uv": [ 7, 6, 9, 6.5 ], "texture": "#torch" },
        "south": { "uv": [ 7, 6, 9, 6.5 ], "texture": "#torch" },
        "west":  { "uv": [ 7, 6, 9, 6.5 ], "texture": "#torch" },
        "east":  { "uv": [ 7, 6, 9, 6.5 ], "texture": "#torch" }
    }
}
]
}